{

    "metadata" :
    {
        "formatVersion" : 3.1,
        "sourceFile"    : "right_foot.obj",
        "generatedBy"   : "OBJConverter",
        "vertices"      : 59,
        "faces"         : 114,
        "normals"       : 114,
        "colors"        : 0,
        "uvs"           : 0,
        "materials"     : 1
    },

    "scale" : 1.000000,

    "materials": [	{
	"DbgColor" : 15658734,
	"DbgIndex" : 0,
	"DbgName" : "None",
	"colorDiffuse" : [0.8, 0.8, 0.8],
	"colorSpecular" : [0.8, 0.8, 0.8],
	"illumination" : 2,
	"opacity" : 1.0,
	"specularCoef" : 0.0
	}],

    "vertices": [0.098267,0.062202,0.134810,0.099964,-0.123105,0.123401,0.039668,0.065315,0.095527,-0.025121,-0.125217,0.145570,-0.020625,0.053960,0.139171,-0.020958,0.048258,0.135678,0.027067,-0.038303,0.093286,-0.007410,0.073328,0.139423,0.019984,0.065328,0.095582,-0.010855,-0.133179,0.123497,0.091040,-0.133026,0.123318,0.088189,0.073198,0.139823,-0.018763,0.061902,0.145513,-0.018825,0.063426,0.134582,0.107042,-0.124675,0.145573,0.100748,0.060347,0.145577,0.099747,-0.137292,0.145439,-0.020366,0.055820,0.135086,-0.020366,0.055820,0.135086,-0.020366,0.055820,0.135086,-0.020366,0.055820,0.135086,-0.020171,-0.123744,0.123642,0.089840,0.070839,0.145714,-0.014442,-0.140075,0.145596,0.090994,-0.141348,0.145582,0.086300,-0.141120,0.145848,-0.005038,0.071606,0.145772,-0.009850,0.058702,0.145868,-0.014696,0.048935,0.145868,-0.011495,-0.133897,0.145930,0.093535,0.059144,0.145868,0.094034,0.044979,0.145868,0.080241,0.050367,0.146282,0.084318,0.059720,0.146648,-0.002020,0.058923,0.145868,0.001432,0.049574,0.145868,0.092550,-0.136207,0.146400,0.083089,-0.126388,0.145868,0.100221,-0.127692,0.146428,-0.006373,-0.118206,0.145868,-0.003119,0.043440,0.146526,0.093505,-0.119208,0.145868,0.001280,-0.130789,0.145868,-0.001925,0.057145,0.163531,0.000089,0.050217,0.163722,0.092871,0.057186,0.163790,0.096810,0.049889,0.156331,-0.010898,0.047510,0.163469,0.084500,-0.127516,0.163841,0.093816,-0.120782,0.163810,-0.008868,0.057974,0.163301,-0.011887,0.055174,0.163721,-0.008900,-0.133192,0.163700,-0.011017,-0.121791,0.163647,0.000136,-0.124123,0.163253,0.090101,0.045272,0.163863,-0.001086,-0.131297,0.163695,0.095873,-0.131219,0.163963,0.082781,0.053764,0.163875],

    "morphTargets": [],

    "morphColors": [],

    "normals": [0.558,0.0561,-0.8279,-0.9983,0.0269,0.0511,0.3583,-0.0234,-0.9333,0.0001,0.9838,-0.1794,-0.0012,-0.303,-0.953,0.4364,0.6725,-0.5977,-0.9694,0.033,0.2434,-0.9787,0.2025,0.0339,0.9528,0.0273,-0.3022,0.9752,0.0332,-0.219,0.1993,-0.1713,-0.9648,0.6866,-0.6144,-0.3888,-0.6767,0.7286,0.1055,0.9912,0.0465,0.1239,0,1,0,-0.9809,0.1943,0.0061,-0.9793,0.2003,0.029,-0.9756,0.0109,-0.2195,0.7252,0.6868,-0.0488,0.6908,0.717,0.0935,0.0966,-0.0852,-0.9917,-0.9976,0.0554,-0.0416,-0.9995,0,-0.0312,-0.9962,0.0755,-0.0435,-0.5192,-0.0166,-0.8545,-0.0101,-0.8395,0.5432,-0.0116,-0.954,-0.2996,0.0008,-0.9367,-0.3501,-0.2286,-0.2112,-0.9503,-0.9967,0.0757,-0.0288,-0.5338,0.7443,0.4013,0.0077,0.9291,0.3699,0.0002,0.9651,0.2617,-0.7925,-0.5699,-0.2172,0.3938,-0.8613,-0.3211,0.8278,-0.4754,-0.2979,-0.4765,0.7629,-0.4369,-0.6773,-0.6639,-0.3171,-0.7092,0.0462,-0.7035,-0.6991,0.0467,-0.7135,-0.0028,0.022,-0.9998,0.0021,0.9841,-0.1774,0.0005,-0.0125,0.9999,-0.0327,0.0197,0.9993,-0.0776,0.0029,0.997,-0.0338,0.0168,0.9993,-0.1093,-0.0016,0.994,0.0401,0.0014,0.9992,-0.0142,-0.0329,0.9994,0.0402,0.0013,0.9992,-0.0073,-0.0052,1,0.0302,0.0006,0.9995,0.1002,0.7972,0.5954,0.0167,0.1395,0.9901,0.0072,0.0026,1,0.0258,0.0137,0.9996,0.0474,-0.1708,0.9842,-0.0742,-0.0175,0.9971,-0.0055,-0.0025,1,-0.0002,0.0075,1,0.1156,-0.1075,0.9875,-0.0044,-0.0014,1,-0.0581,-0.0029,0.9983,0.0104,0.0005,0.9999,0.1712,-0.1094,0.9791,0.028,0.0153,0.9995,0.0706,0.1212,0.9901,-0.003,-0.0525,0.9986,0.09,0.04,0.9951,0.0018,0.0126,0.9999,-0.0008,-0.0041,1,0.0003,0.0002,1,0,0,1,0.1024,-0.1863,0.9771,0.9377,0.3463,0.0298,0.9579,0.2802,0.062,0.0713,0.9913,0.111,0.9086,0.4103,0.0785,-0.4296,-0.9028,0.0196,-0.5649,0.8196,0.0958,-0.5837,0.8079,0.081,0.1148,0.9884,0.0989,0.8046,-0.5882,0.0817,-0.9711,-0.1319,0.1989,-0.8957,0.4444,-0.0144,-0.6733,0.7362,0.0686,-0.9723,-0.1799,0.1491,-0.9348,0.3044,-0.1828,-0.0282,0.9987,0.0433,0.9619,0.0339,-0.2711,0.2067,0.9472,0.245,0.6747,-0.7207,0.1592,0.8458,0.5144,-0.1416,0.7821,0.6218,0.041,0.9793,-0.159,0.1254,-0.3648,-0.9289,-0.0646,-0.7204,-0.6934,0.0131,0.2364,-0.9716,0.0037,0.2357,-0.9718,0.0042,-0.0308,0.0185,0.9994,-0.0283,0.0215,0.9994,0.0377,0.0117,0.9992,-0.0149,0.064,0.9978,-0.0063,0.0134,0.9999,0.0069,0.0046,1,0.1495,-0.0132,0.9887,0.2195,-0.921,0.322,0.7867,-0.1792,0.5908,0.9433,0.1899,0.2721,-0.7371,-0.6357,0.2292,-0.9161,0.3972,0.0556,-0.2972,-0.9023,0.3125,0.742,-0.6686,0.0495,-0.3055,0.908,0.2867],

    "colors": [],

    "uvs": [[]],

    "faces": [34,0,1,2,0,0,0,0,34,3,4,5,0,1,1,1,34,1,6,2,0,2,2,2,34,7,2,8,0,3,3,3,34,9,6,10,0,4,4,4,34,11,0,2,0,5,5,5,34,4,3,12,0,6,6,6,34,13,4,12,0,7,7,7,34,0,14,1,0,8,8,8,34,0,15,14,0,9,9,9,34,10,6,1,0,10,10,10,34,16,10,1,0,11,11,11,34,7,13,12,0,12,12,12,34,17,5,18,0,13,13,13,34,18,19,17,0,14,14,14,34,20,13,17,0,15,15,15,34,20,4,13,0,16,16,16,34,21,3,5,0,17,17,17,34,15,0,11,0,18,18,18,34,15,11,22,0,19,19,19,34,13,5,17,0,20,20,20,34,18,4,19,0,21,21,21,34,19,4,17,0,22,22,22,34,4,20,17,0,23,23,23,34,21,8,6,0,24,24,24,34,23,24,25,0,25,25,25,34,24,23,9,0,26,26,26,34,10,24,9,0,27,27,27,34,9,21,6,0,28,28,28,34,5,4,18,0,29,29,29,34,7,12,26,0,30,30,30,34,26,22,11,0,31,31,31,34,7,26,11,0,32,32,32,34,23,3,21,0,33,33,33,34,16,24,10,0,34,34,34,34,16,1,14,0,35,35,35,34,8,13,7,0,36,36,36,34,21,9,23,0,37,37,37,34,8,21,13,0,38,38,38,34,21,5,13,0,39,39,39,34,6,8,2,0,40,40,40,34,2,7,11,0,41,41,41,34,15,22,26,0,42,42,42,34,27,26,12,0,43,43,43,34,12,3,28,0,44,44,44,34,28,27,12,0,45,45,45,34,28,23,29,0,46,46,46,34,15,30,31,0,47,47,47,34,32,33,26,0,48,48,48,34,14,15,31,0,49,49,49,34,32,26,14,0,50,50,50,34,31,32,14,0,51,51,51,34,26,33,30,0,52,52,52,34,15,26,30,0,53,53,53,34,34,35,14,0,54,54,54,34,14,26,34,0,55,55,55,34,25,24,36,0,56,56,56,34,25,36,37,0,57,57,57,34,25,37,35,0,58,58,58,34,26,27,34,0,59,59,59,34,16,38,36,0,60,60,60,34,3,23,28,0,61,61,61,34,39,40,28,0,62,62,62,34,28,29,39,0,63,63,63,34,38,16,14,0,64,64,64,34,14,35,41,0,65,65,65,34,41,38,14,0,66,66,66,34,29,23,25,0,67,67,67,34,25,35,40,0,68,68,68,34,42,29,25,0,69,69,69,34,25,40,39,0,70,70,70,34,39,42,25,0,71,71,71,34,35,37,41,0,72,72,72,34,36,24,16,0,73,73,73,34,35,34,43,0,74,74,74,34,43,44,35,0,75,75,75,34,33,45,30,0,76,76,76,34,45,46,30,0,77,77,77,34,40,47,28,0,78,78,78,34,41,37,48,0,79,79,79,34,48,49,41,0,80,80,80,34,50,43,34,0,81,81,81,34,44,40,35,0,82,82,82,34,47,51,28,0,83,83,83,34,27,28,51,0,84,84,84,34,51,50,27,0,85,85,85,34,52,53,29,0,86,86,86,34,39,29,53,0,87,87,87,34,34,27,50,0,88,88,88,34,31,30,46,0,89,89,89,34,53,54,39,0,90,90,90,34,46,55,31,0,91,91,91,34,42,39,54,0,92,92,92,34,38,41,49,0,93,93,93,34,54,56,42,0,94,94,94,34,32,31,55,0,95,95,95,34,36,48,37,0,96,96,96,34,29,42,56,0,97,97,97,34,56,52,29,0,98,98,98,34,44,43,50,0,99,99,99,34,50,47,44,0,100,100,100,34,54,53,52,0,101,101,101,34,52,56,54,0,102,102,102,34,49,48,57,0,103,103,103,34,55,45,58,0,104,104,104,34,47,50,51,0,105,105,105,34,44,47,40,0,106,106,106,34,45,55,46,0,107,107,107,34,49,57,38,0,108,108,108,34,32,55,58,0,109,109,109,34,33,32,58,0,110,110,110,34,57,48,36,0,111,111,111,34,36,38,57,0,112,112,112,34,58,45,33,0,113,113,113]

}
