{

    "metadata" :
    {
        "formatVersion" : 3.1,
        "sourceFile"    : "right_shank.obj",
        "generatedBy"   : "OBJConverter",
        "vertices"      : 153,
        "faces"         : 302,
        "normals"       : 302,
        "colors"        : 0,
        "uvs"           : 0,
        "materials"     : 1
    },

    "scale" : 1.000000,

    "materials": [	{
	"DbgColor" : 15658734,
	"DbgIndex" : 0,
	"DbgName" : "None",
	"colorDiffuse" : [0.8, 0.8, 0.8],
	"colorSpecular" : [0.8, 0.8, 0.8],
	"illumination" : 2,
	"opacity" : 1.0,
	"specularCoef" : 0.0
	}],

    "vertices": [0.022362,0.046415,0.041224,0.033014,0.047247,0.040412,0.004802,0.011841,-0.098338,0.003161,0.003634,-0.107684,0.004961,0.009191,-0.103204,0.055585,0.007845,-0.104630,0.055383,0.011534,-0.099172,0.060001,0.010758,-0.096429,0.041202,0.045181,0.041015,0.055272,0.043778,0.070953,0.000115,0.038246,0.076053,0.000023,0.010429,-0.097583,-0.001413,0.026548,0.080035,0.056402,0.000340,-0.109527,0.056566,-0.011714,-0.109913,0.000956,-0.006565,-0.109948,0.059525,-0.006587,-0.109849,0.063410,0.016048,0.107266,0.059883,0.019554,0.114203,0.059914,0.004505,0.119976,0.060028,-0.015313,0.123918,0.056139,-0.019628,0.123837,0.059908,-0.021101,0.121719,0.065968,-0.002084,0.098675,0.064047,-0.014496,0.101138,0.062915,-0.022189,-0.083240,-0.001808,0.019364,0.097781,0.000026,0.033193,0.102246,0.000107,0.025297,0.111528,-0.001660,0.002935,0.109236,0.000132,0.005732,0.119559,0.004845,0.043802,0.080692,0.004686,0.043894,0.072504,0.062579,-0.001204,-0.088415,0.063394,-0.010383,-0.085899,0.062030,-0.003696,-0.097703,0.063850,0.026409,0.080163,0.065314,0.018806,0.079392,0.059490,0.007888,-0.102726,0.060049,0.004881,-0.105355,0.059982,-0.028221,0.111149,0.055067,-0.029800,0.111855,0.059936,-0.036446,-0.073684,-0.000012,-0.003908,-0.109193,0.003327,-0.001276,-0.109876,-0.002322,0.011884,0.092711,0.063309,-0.005127,0.114779,0.061384,-0.030814,-0.082587,0.055311,0.042772,0.086016,0.004951,0.041517,0.090794,0.055050,0.039190,0.096277,0.055036,0.035066,0.104433,0.004946,0.035097,0.104361,0.059869,0.038159,0.074551,0.066261,0.008033,0.090872,0.059653,0.002812,-0.107122,-0.000028,-0.008523,-0.109269,0.000272,-0.000507,-0.108585,-0.001082,-0.003535,-0.090263,0.055593,-0.026577,0.118375,0.059349,-0.012244,0.124535,0.059956,-0.008695,0.123905,0.065133,-0.005770,0.105874,0.062816,-0.013542,0.114247,0.062452,-0.018999,0.110101,0.055139,0.031763,0.108432,0.004835,0.027240,0.112087,0.055709,0.026190,0.112697,0.055385,-0.003831,0.124026,0.000477,-0.009744,0.124335,0.004814,-0.002379,0.123724,0.025008,-0.041459,-0.073421,0.038359,-0.041106,-0.073573,0.003438,-0.011714,-0.109913,0.000039,0.036970,0.087730,0.055436,0.043909,0.078606,-0.000003,0.002600,-0.106962,0.000206,0.005680,-0.104855,0.000007,0.008092,-0.101980,0.059981,0.031373,0.105729,0.055819,-0.019965,-0.106562,0.064935,0.001260,0.108003,0.060019,0.009428,-0.099844,0.060032,-0.000930,-0.108606,0.063186,-0.018102,-0.086507,0.059944,-0.026069,0.116736,0.054915,0.016377,0.117186,0.004756,0.031793,0.108360,-0.000084,-0.009903,0.123706,0.004915,-0.029854,0.111369,0.009276,-0.039022,-0.074568,0.035777,-0.041004,-0.081164,0.000103,0.030128,0.107296,0.060041,0.034161,0.099081,0.059946,0.026129,0.110982,0.059929,-0.012142,-0.108633,0.060061,-0.016212,-0.106900,0.004277,-0.019965,-0.106602,0.063688,0.023393,0.100040,0.005015,0.019099,0.116098,0.016407,-0.039958,-0.081534,0.035688,-0.036609,-0.094138,0.035640,-0.039077,-0.088727,0.016343,-0.038290,-0.087922,0.001929,-0.016547,0.124390,0.003345,-0.022821,0.121672,0.051592,-0.038781,-0.074029,0.052054,-0.038240,-0.080967,0.051950,-0.034932,-0.091526,0.052056,-0.036896,-0.086438,0.054436,-0.030785,-0.097196,-0.001318,-0.016050,-0.084961,-0.000897,-0.011230,-0.096104,0.005734,-0.030666,-0.097413,0.004841,-0.025539,-0.102585,0.017276,-0.035454,-0.094497,0.059955,-0.033785,-0.088442,0.059934,-0.030921,-0.094162,0.055297,-0.025218,-0.102827,0.060004,-0.020210,-0.104723,0.060043,-0.026410,-0.099607,0.059962,-0.035810,-0.082082,0.061409,0.003374,-0.095685,0.061851,-0.010301,-0.100230,0.060067,-0.007245,-0.109244,-0.002236,-0.002574,0.102440,0.004956,-0.027738,0.116781,-0.000007,-0.016847,-0.106604,0.000275,-0.011951,-0.108774,0.000689,-0.030129,-0.095724,0.000139,-0.023712,-0.102312,0.059930,0.037310,0.085593,0.063014,-0.013357,-0.091335,0.061999,-0.025940,-0.087964,0.000075,-0.036479,-0.075182,-0.001728,-0.012948,0.104281,-0.001423,-0.010320,0.112035,-0.000066,-0.035118,-0.083034,0.000062,-0.032990,-0.090232,0.000408,-0.035656,-0.083530,-0.000939,-0.025395,-0.084180,0.061960,-0.018549,-0.096211,0.000065,-0.017369,0.123476,0.000409,-0.024621,0.118759,0.006227,-0.037790,-0.080956,0.007405,-0.034136,-0.092676,0.065354,0.013103,0.101243,-0.000136,-0.027497,-0.098005,0.006210,-0.036297,-0.086879,0.000078,-0.021218,0.121543,0.000077,-0.028464,0.109785,0.000065,-0.026298,0.116226,0.000402,-0.028054,0.112552],

    "morphTargets": [],

    "morphColors": [],