{

    "metadata" :
    {
        "formatVersion" : 3.1,
        "sourceFile"    : "right_hip_roll.obj",
        "generatedBy"   : "OBJConverter",
        "vertices"      : 41,
        "faces"         : 78,
        "normals"       : 78,
        "colors"        : 0,
        "uvs"           : 0,
        "materials"     : 1
    },

    "scale" : 1.000000,

    "materials": [	{
	"DbgColor" : 15658734,
	"DbgIndex" : 0,
	"DbgName" : "None",
	"colorDiffuse" : [0.8, 0.8, 0.8],
	"colorSpecular" : [0.8, 0.8, 0.8],
	"illumination" : 2,
	"opacity" : 1.0,
	"specularCoef" : 0.0
	}],

    "vertices": [-0.029786,0.008500,0.020100,0.032048,0.014052,0.026163,-0.035026,0.014245,0.013298,-0.035762,-0.043872,0.013306,-0.039049,0.003175,0.013623,-0.043978,0.002134,0.000686,-0.029786,-0.044600,0.020100,0.031730,0.001307,0.031143,0.053144,0.006709,0.013399,0.050414,-0.044600,0.017000,0.055824,0.000908,0.000017,0.049624,0.003022,0.019996,0.043416,0.005285,0.026425,-0.029786,-0.050600,0.015000,0.045172,-0.050630,0.017175,0.018662,-0.044427,0.022913,0.044157,-0.038880,-0.022932,0.050414,-0.044600,-0.017000,0.045049,-0.050661,-0.017141,0.037145,-0.044608,-0.023100,-0.029786,-0.050600,-0.015000,-0.029786,-0.044600,-0.020100,0.031062,0.000892,-0.028576,-0.038594,0.012928,0.006969,0.043362,0.014237,0.022428,0.043607,-0.043922,0.022969,0.053243,0.012927,0.005141,0.044726,0.014611,-0.017574,0.030142,0.013857,-0.026116,-0.034912,0.014246,-0.013438,0.049475,0.003117,-0.020206,0.043670,0.003351,-0.026283,-0.038536,0.013661,-0.006315,-0.029786,0.008500,-0.020100,0.053180,0.013898,-0.001972,0.053290,0.001790,-0.013598,-0.038988,0.002494,-0.013765,-0.043648,-0.002175,-0.002266,-0.035761,-0.043911,-0.013280,0.037735,0.011963,-0.025947,0.052609,0.008376,-0.013777],

    "morphTargets": [],

    "morphColors": [],

    "normals": [-0.1316,0.705,0.6969,-0.9305,-0.0674,0.3599,-0.1767,0,0.9843,0.9766,-0.0371,0.2117,0.7133,-0.0322,0.7001,-0.0203,-0.7243,0.6892,-0.0419,-0.6471,0.7613,0.4388,-0.3694,-0.8191,-0.7526,-0.057,0.656,-0.0206,-0.7149,-0.6989,0.342,-0.3936,-0.8533,-0.0444,-0.1252,-0.9911,-0.6869,-0.4707,0.5538,-0.9082,0.264,0.3248,-0.8519,0.3217,0.4133,-0.6486,0.2567,0.7166,-0.0566,-0.1611,0.9853,-0.1232,0.3639,0.9233,0.7615,0.3006,0.5743,0.738,0.2788,0.6145,0.993,-0.118,0,0.6556,-0.0504,0.7534,0.9794,0.1554,0.1288,0.8856,-0.0145,0.4643,-0.0084,0.9972,-0.0737,0.7221,-0.0322,-0.6911,0.6617,-0.0517,-0.7479,-0.8993,0.4368,0.0202,-0.1605,0.987,-0.0006,-0.138,0,-0.9904,0.5573,-0.4645,0.6883,-0.0342,-0.6473,-0.7615,0.341,0.9318,0.1243,0.9815,-0.0472,-0.1857,0.761,0.5138,0.396,0.8645,-0.0167,-0.5024,-0.4201,0.9062,0.0482,-0.9361,0.1473,-0.3196,-0.9184,0.2446,-0.311,-0.6535,0.2466,-0.7156,0.0014,-0.1775,0.9841,-0.6866,-0.4709,-0.554,0.6358,0.403,-0.6583,-0.7538,-0.0593,-0.6544,-0.9148,-0.0678,-0.3982,0.1926,-0.0754,-0.9784,0.247,0.3473,0.9046,0.9792,0.2022,0.019,0.392,-0.0629,0.9178,0.6267,0.4566,-0.6315,-0.9826,-0.1858,0.0002,-0.9836,-0.1469,0.1047,0.9796,0.0966,-0.1761,-0.133,0.6975,-0.7041,-0.8577,0.3089,-0.411,-0.114,0.1773,-0.9775,0.109,-0.1044,-0.9885,0.2825,0.3925,0.8753,0.063,0.9979,0.0115,0.9752,0.1785,-0.1307,0.8701,0.0768,-0.4869,0.2246,0.8594,-0.4593,0.1503,0.1418,-0.9784,0.6787,0.3707,-0.6341,0.0694,0.1907,-0.9792,-0.573,0,0.8196,0.7488,-0.6628,-0.0021,0.7547,-0.6561,0,-0.0008,-1,0.0009,-0.0004,-1,0,0.0115,-0.6521,0.7581,-0.567,-0,-0.8237,-0.7458,-0.6662,0,-0.7478,-0.664,0.0009,0.6786,0.6522,-0.3379,-0.0134,0.9999,0.0089,0.0004,0.9999,0.0129,-0.0046,1,0],

    "colors": [],

    "uvs": [[]],

    "faces": [34,0,1,2,0,0,0,0,34,3,4,5,0,1,1,1,34,6,7,0,0,2,2,2,34,8,9,10,0,3,3,3,34,9,11,12,0,4,4,4,34,13,14,15,0,5,5,5,34,15,6,13,0,6,6,6,34,16,17,18,0,7,7,7,34,3,6,4,0,8,8,8,34,19,18,20,0,9,9,9,34,19,16,18,0,10,10,10,34,21,22,19,0,11,11,11,34,6,3,13,0,12,12,12,34,23,5,4,0,13,13,13,34,4,2,23,0,14,14,14,34,2,4,0,0,15,15,15,34,15,7,6,0,16,16,16,34,7,1,0,0,17,17,17,34,8,24,11,0,18,18,18,34,24,12,11,0,19,19,19,34,10,9,17,0,20,20,20,34,9,12,25,0,21,21,21,34,26,8,10,0,22,22,22,34,8,11,9,0,23,23,23,34,27,28,29,0,24,24,24,34,30,17,31,0,25,25,25,34,16,31,17,0,26,26,26,34,23,32,5,0,27,27,27,34,32,2,29,0,28,28,28,34,22,21,33,0,29,29,29,34,25,14,9,0,30,30,30,34,21,19,20,0,31,31,31,34,24,26,34,0,32,32,32,34,35,10,17,0,33,33,33,34,26,24,8,0,34,34,34,34,30,35,17,0,35,35,35,34,2,32,23,0,36,36,36,34,5,36,37,0,37,37,37,34,36,5,32,0,38,38,38,34,36,29,33,0,39,39,39,34,15,25,7,0,40,40,40,34,38,21,20,0,41,41,41,34,39,27,40,0,42,42,42,34,21,38,36,0,43,43,43,34,38,37,36,0,44,44,44,34,22,31,16,0,45,45,45,34,1,7,12,0,46,46,46,34,26,10,34,0,47,47,47,34,25,12,7,0,48,48,48,34,31,39,40,0,49,49,49,34,37,38,3,0,50,50,50,34,3,5,37,0,51,51,51,34,40,10,35,0,52,52,52,34,28,33,29,0,53,53,53,34,29,36,32,0,54,54,54,34,22,33,28,0,55,55,55,34,22,16,19,0,56,56,56,34,1,12,24,0,57,57,57,34,34,27,24,0,58,58,58,34,10,40,34,0,59,59,59,34,40,35,30,0,60,60,60,34,27,39,28,0,61,61,61,34,22,39,31,0,62,62,62,34,30,31,40,0,63,63,63,34,22,28,39,0,64,64,64,34,6,0,4,0,65,65,65,34,18,17,14,0,66,66,66,34,14,17,9,0,67,67,67,34,20,18,14,0,68,68,68,34,14,13,20,0,69,69,69,34,25,15,14,0,70,70,70,34,36,33,21,0,71,71,71,34,38,20,13,0,72,72,72,34,38,13,3,0,73,73,73,34,40,27,34,0,74,74,74,34,24,27,1,0,75,75,75,34,2,1,27,0,76,76,76,34,27,29,2,0,77,77,77]

}
