{

    "metadata" :
    {
        "formatVersion" : 3.1,
        "sourceFile"    : "right_ankle.obj",
        "generatedBy"   : "OBJConverter",
        "vertices"      : 42,
        "faces"         : 80,
        "normals"       : 80,
        "colors"        : 0,
        "uvs"           : 0,
        "materials"     : 1
    },

    "scale" : 1.000000,

    "materials": [	{
	"DbgColor" : 15658734,
	"DbgIndex" : 0,
	"DbgName" : "None",
	"colorDiffuse" : [0.8, 0.8, 0.8],
	"colorSpecular" : [0.8, 0.8, 0.8],
	"illumination" : 2,
	"opacity" : 1.0,
	"specularCoef" : 0.0
	}],

    "vertices": [0.013107,-0.005307,0.026435,0.019187,-0.003115,0.020120,0.020100,0.044600,0.017000,0.001417,-0.001300,0.031143,-0.060100,-0.008500,0.020100,0.002146,-0.014030,0.026268,-0.060100,0.044600,0.020100,0.014734,0.050661,-0.017141,0.006938,0.044561,-0.023100,-0.060100,0.050600,-0.015000,-0.060100,0.044600,-0.020100,0.000722,-0.000908,-0.028575,-0.060100,-0.008500,-0.020100,-0.011696,0.044432,0.022910,0.025516,-0.000869,-0.000010,0.022774,-0.006744,0.013374,-0.066076,0.043872,-0.013306,-0.074345,-0.001394,0.001101,-0.066076,0.043911,0.013280,-0.060100,0.050600,0.015000,-0.068851,-0.013661,0.006315,-0.068908,-0.012928,-0.006969,-0.065248,-0.014252,0.013400,-0.001681,-0.013751,-0.026069,0.014540,-0.014597,-0.017430,-0.065292,-0.014235,-0.013382,0.013851,0.038883,-0.022930,0.014858,0.050630,0.017175,0.013280,0.043911,0.022976,-0.069302,-0.002494,0.013765,0.020100,0.044600,-0.017000,-0.073923,-0.000408,-0.002840,0.023009,-0.001439,-0.013589,0.022851,-0.013789,-0.002478,0.013041,-0.014206,0.022461,0.022872,-0.013242,0.004323,0.022221,-0.008449,-0.013780,-0.069364,-0.003175,-0.013623,0.013670,-0.000395,-0.026120,0.011838,-0.007510,-0.025998,0.004822,-0.013204,-0.025956,0.019023,-0.003102,-0.020407],

    "morphTargets": [],

    "morphColors": [],

    "normals": [0.7144,0.032,0.699,-0.1237,-0.361,0.9243,-0.1767,-0,0.9843,-0.0207,0.7121,-0.7018,-0.0337,0.6473,-0.7615,-0.138,0,-0.9904,-0.0566,0.1611,0.9853,0.9759,0.0356,0.2155,-0.9837,0.1796,-0.0002,-0.6866,0.4709,0.554,-0.9094,-0.4154,-0.019,-0.1317,-0.6998,0.7021,-0.0086,-0.9966,-0.0814,-0.0443,0.1254,-0.9911,0.344,0.3933,-0.8526,0.5568,0.464,0.689,-0.0203,0.7245,0.689,-0.042,0.6471,0.7613,0.6552,0.0507,0.7537,0.0011,0.1775,0.9841,-0.6538,-0.2476,0.715,-0.7538,0.0593,0.6544,-0.1346,-0.6999,-0.7015,0.8858,0.0134,0.4639,0.3914,0.0632,0.9181,0.439,0.3696,-0.8189,-0.9043,-0.2616,0.3373,-0.858,-0.3086,0.4105,-0.9249,0.0682,0.3741,-0.9323,-0.3146,-0.1784,0.9819,0.0485,-0.1833,-0.4143,-0.9088,-0.0484,-0.1152,-0.1694,-0.9788,0.2516,-0.3335,0.9086,0.0743,-0.9972,0.0126,0.9788,-0.2044,0.0134,0.6809,-0.6468,-0.3435,-0.9851,0.1591,-0.0655,-0.9115,-0.26,-0.3187,-0.8512,-0.3224,-0.4142,0.1884,-0.0654,-0.9799,-0.1611,-0.9869,-0.0004,-0.6481,-0.2542,-0.7179,0.298,-0.391,0.8708,0.7641,-0.3032,0.5694,0.7383,-0.2795,0.6138,0.9781,-0.164,0.1284,0.7603,-0.5237,0.3843,0.2372,-0.9684,0.0771,0.6557,-0.4671,-0.5932,-0.9128,0.0665,-0.403,0.4797,-0.5958,-0.6441,0.1285,-0.1655,-0.9778,0.1098,0.104,-0.9885,-0.7526,0.057,-0.656,-0.6869,0.4707,-0.5538,0.6588,0.0579,-0.7501,0.7367,0.0316,-0.6754,0.6997,-0.3521,-0.6217,0.8614,0.0168,-0.5076,0.8691,-0.0844,-0.4874,0.0337,-0.1975,-0.9797,0.1827,0.0787,-0.98,0.6717,-0.1853,-0.7173,0.9787,-0.1052,-0.1763,0.0854,-0.9632,-0.2547,0.975,-0.1749,-0.137,0.993,0.1183,0,-0.567,-0,0.8237,-0.7458,0.6662,0,-0.7478,0.664,-0.0009,-0.0004,1,0,-0.0008,1,0.0009,0.7488,0.6628,-0.0021,0.7547,0.6561,0,0.0116,0.6518,0.7583,-0.573,0,-0.8196,-0.0046,-1,-0.0006,0.0008,-0.9999,0.0132,-0.0129,-0.9999,0.0093],

    "colors": [],

    "uvs": [[]],

    "faces": [34,0,1,2,0,0,0,0,34,3,4,5,0,1,1,1,34,6,4,3,0,2,2,2,34,7,8,9,0,3,3,3,34,10,9,8,0,4,4,4,34,10,11,12,0,5,5,5,34,3,13,6,0,6,6,6,34,14,2,15,0,7,7,7,34,16,17,18,0,8,8,8,34,18,6,19,0,9,9,9,34,20,17,21,0,10,10,10,34,5,4,22,0,11,11,11,34,23,24,25,0,12,12,12,34,8,11,10,0,13,13,13,34,26,8,7,0,14,14,14,34,2,27,28,0,15,15,15,34,27,19,13,0,16,16,16,34,6,13,19,0,17,17,17,34,2,28,0,0,18,18,18,34,13,3,28,0,19,19,19,34,4,29,22,0,20,20,20,34,6,18,29,0,21,21,21,34,12,23,25,0,22,22,22,34,1,15,2,0,23,23,23,34,28,3,0,0,24,24,24,34,26,7,30,0,25,25,25,34,17,20,29,0,26,26,26,34,20,22,29,0,27,27,27,34,29,18,17,0,28,28,28,34,17,31,21,0,29,29,29,34,14,32,30,0,30,30,30,34,21,25,20,0,31,31,31,34,11,23,12,0,32,32,32,34,5,0,3,0,33,33,33,34,33,34,24,0,34,34,34,34,14,35,33,0,35,35,35,34,24,36,33,0,36,36,36,34,16,31,17,0,37,37,37,34,37,21,31,0,38,38,38,34,25,21,37,0,39,39,39,34,38,39,11,0,40,40,40,34,22,20,25,0,41,41,41,34,37,12,25,0,42,42,42,34,5,34,0,0,43,43,43,34,1,34,15,0,44,44,44,34,0,34,1,0,45,45,45,34,14,15,35,0,46,46,46,34,34,35,15,0,47,47,47,34,33,35,34,0,48,48,48,34,39,36,24,0,49,49,49,34,37,31,16,0,50,50,50,34,40,39,24,0,51,51,51,34,11,39,40,0,52,52,52,34,26,11,8,0,53,53,53,34,37,16,10,0,54,54,54,34,10,16,9,0,55,55,55,34,38,26,30,0,56,56,56,34,41,38,30,0,57,57,57,34,39,41,36,0,58,58,58,34,32,41,30,0,59,59,59,34,41,32,36,0,60,60,60,34,11,40,23,0,61,61,61,34,38,11,26,0,62,62,62,34,38,41,39,0,63,63,63,34,36,32,14,0,64,64,64,34,24,23,40,0,65,65,65,34,33,36,14,0,66,66,66,34,14,30,2,0,67,67,67,34,29,4,6,0,68,68,68,34,9,18,19,0,69,69,69,34,16,18,9,0,70,70,70,34,19,27,9,0,71,71,71,34,7,9,27,0,72,72,72,34,27,30,7,0,73,73,73,34,27,2,30,0,74,74,74,34,13,28,27,0,75,75,75,34,10,12,37,0,76,76,76,34,25,24,22,0,77,77,77,34,22,24,5,0,78,78,78,34,5,24,34,0,79,79,79]

}
