{

    "metadata" :
    {
        "formatVersion" : 3.1,
        "sourceFile"    : "right_hip_yaw.obj",
        "generatedBy"   : "OBJConverter",
        "vertices"      : 58,
        "faces"         : 112,
        "normals"       : 112,
        "colors"        : 0,
        "uvs"           : 0,
        "materials"     : 1
    },

    "scale" : 1.000000,

    "materials": [	{
	"DbgColor" : 15658734,
	"DbgIndex" : 0,
	"DbgName" : "None",
	"colorDiffuse" : [0.8, 0.8, 0.8],
	"colorSpecular" : [0.8, 0.8, 0.8],
	"illumination" : 2,
	"opacity" : 1.0,
	"specularCoef" : 0.0
	}],

    "vertices": [0.047533,-0.035109,-0.275109,0.069243,0.026481,-0.321379,0.048004,0.067363,-0.275941,0.069734,0.010092,-0.323384,0.026940,-0.037954,-0.335280,0.026983,-0.038034,-0.272413,0.015048,-0.036048,-0.335339,-0.024307,0.015684,-0.313184,-0.023047,0.027858,-0.313155,-0.023973,0.023078,-0.335370,0.023144,-0.018572,-0.343504,-0.008555,-0.022244,-0.335368,0.004252,-0.031561,-0.335284,-0.004742,-0.025726,-0.314157,-0.015482,-0.013485,-0.313907,0.066726,-0.006875,-0.335252,0.069893,0.012048,-0.335195,0.043637,-0.035715,-0.272287,0.045350,0.068034,-0.273158,0.042119,0.069166,-0.272249,0.005439,0.064924,-0.335362,-0.009245,0.054370,-0.315226,0.013360,0.067837,-0.274131,0.064386,-0.014730,-0.327161,0.066083,0.041412,-0.320162,0.055834,0.063840,-0.317979,-0.023645,0.007760,-0.335373,-0.002290,0.012790,-0.343517,0.038415,-0.037417,-0.335308,-0.022208,0.000836,-0.313154,-0.019216,-0.006919,-0.335366,0.013494,-0.035368,-0.273980,0.060525,-0.022740,-0.335285,0.061492,-0.000340,-0.343511,0.017570,-0.036542,-0.272357,0.017273,0.068939,-0.272351,-0.010880,0.052298,-0.335375,0.021572,0.069954,-0.335349,0.036568,0.070254,-0.335361,0.041634,0.049156,-0.343527,0.002129,0.032526,-0.343509,-0.019849,0.037832,-0.335374,0.038481,-0.037376,-0.272294,0.039411,0.004215,-0.345691,0.007212,-0.010203,-0.343511,0.015406,0.020137,-0.345693,0.054807,0.064793,-0.335280,0.017079,0.046067,-0.343514,0.037578,0.029456,-0.345555,0.024224,0.070291,-0.272399,0.054632,-0.032368,-0.335223,0.068633,0.031046,-0.335188,0.064035,0.047487,-0.335229,0.065472,0.020078,-0.343461,0.043322,-0.016227,-0.343501,0.034525,0.070368,-0.272720,0.057125,0.038887,-0.343490,-0.018976,0.039833,-0.313534],

    "morphTargets": [],

    "morphColors": [],

    "normals": [0.9057,-0.0007,0.424,0.9159,-0.0216,0.4009,-0.1582,-0.9874,-0.0011,-0.9945,0.1029,0.0193,-0.0595,-0.3998,-0.9147,-0.588,-0.8084,-0.027,-0.7512,-0.6596,0.0268,0.9862,-0.165,-0.014,0.587,-0.0029,0.8096,0.2718,0.0036,0.9623,-0.5539,0.8319,0.0321,0.9731,-0.22,0.0679,0.9061,0.4009,0.1352,-0.3548,-0.0074,-0.9349,0.0467,-0.9989,-0.0013,-0.9043,-0.4261,0.027,-0.7198,0.0001,0.6942,0.7005,-0.2724,-0.6596,-0.3701,-0.0011,0.929,-0.7676,0.078,0.6362,-0.6116,0.7905,-0.0317,-0.0079,0.3593,-0.9332,0.943,0.1766,0.2819,-0.3206,0.0722,-0.9444,-0.3263,0.0909,-0.9409,0.0571,-0.9984,0.0006,-0.0402,-0.0609,-0.9973,-0.0362,-0.0698,-0.9969,-0.506,-0.8622,0.0227,-0.7829,-0.1094,0.6124,-0.8205,-0.5708,-0.0318,0.2879,0.9576,-0.0085,0.1187,0.3831,-0.9161,0.2869,0.9579,-0.0087,-0.4143,0.0008,0.9102,-0.0138,0.1052,-0.9944,-0.0298,0.0856,-0.9959,-0.02,0.9998,-0.0045,-0.105,0.3393,-0.9348,0.8482,-0.5185,0.1081,0.9976,0.0662,-0.0222,0.9995,0.0277,0.0181,-0.3011,0.1866,-0.9352,-0.1345,0.0305,-0.9904,-0.0806,0.0886,-0.9928,-0.2118,0.2747,-0.9379,-0.99,-0.1399,0.0204,-0.9995,-0.0214,-0.0222,-0.3065,-0.1269,-0.9434,-0.3336,-0.1011,-0.9373,0.7808,0.2169,-0.5859,0.2559,-0.2932,-0.9212,0.0122,-0.1042,-0.9945,-0.1565,-0.9877,-0.0015,-0.1538,-0.3589,-0.9206,-0.3838,-0.9234,0.0005,-0.2781,-0.9606,0.0036,-0.8302,-0.4098,0.3779,-0.2284,-0.3222,-0.9187,-0.1744,-0.3328,-0.9267,0.2973,-0.9547,-0.0084,0.0235,0.4896,0.8717,-0.2976,0.9547,-0.0069,-0.2699,0.9629,-0.0029,-0.042,0.3302,-0.943,-0.1909,0.9816,0.0028,0.7771,-0.15,-0.6112,0.8136,-0.1345,-0.5657,0.8821,0.4703,-0.0265,0.9784,0.2051,0.0246,0.0792,-0.0912,-0.9927,-0.1042,-0.0433,-0.9936,-0.312,-0.217,-0.925,0.9033,0.06,-0.4248,0.0786,0.0111,-0.9968,0.5897,0.2605,-0.7644,0.5586,0.2956,-0.775,0.5081,-0.3161,-0.8012,0.1239,-0.3827,-0.9155,0.043,-0.369,-0.9285,0.0159,-0.3879,-0.9216,0.9282,-0.3626,-0.0836,0.095,-0.0161,-0.9954,0.243,-0.97,0.0004,0.8569,-0.5095,0.078,0.9103,0.4118,0.0423,0.9628,0.2692,-0.0223,-0.2207,0.2433,-0.9445,0.2093,0.3124,-0.9266,-0.7378,-0.6509,0.1787,0.2993,-0.93,0.2134,0.4922,0.8703,0.0187,0.724,0.0023,0.6898,-0.957,-0.2888,-0.0281,0.0872,0.0371,-0.9955,0.3576,0.9264,0.1179,0.1562,0.9877,0.0033,0.9477,-0.2367,0.2141,-0.8498,0.5269,-0.0143,-0.9629,0.2692,-0.0178,-0.8304,0.557,0.0101,0.0618,0.0896,-0.9941,-0.8308,0.2973,0.4705,-0.9467,0.3221,0.0083,-0.7904,0.5584,0.2518,-0.0075,1,-0.0021,-0.0012,-0.0457,0.999,-0.0027,-0.0001,1,-0.0084,-0.0005,1,-0.0123,0.0338,0.9994,0.0065,0.0022,1,0.0039,0.0056,-1],

    "colors": [],

    "uvs": [[]],

    "faces": [34,0,1,2,0,0,0,0,34,0,3,1,0,1,1,1,34,4,5,6,0,2,2,2,34,7,8,9,0,3,3,3,34,4,6,10,0,4,4,4,34,11,12,13,0,5,5,5,34,11,13,14,0,6,6,6,34,3,15,16,0,7,7,7,34,17,0,18,0,8,8,8,34,19,17,18,0,9,9,9,34,20,21,22,0,10,10,10,34,15,3,23,0,11,11,11,34,24,25,2,0,12,12,12,34,26,9,27,0,13,13,13,34,28,5,4,0,14,14,14,34,29,30,14,0,15,15,15,34,31,22,7,0,16,16,16,34,15,32,33,0,17,17,17,34,31,34,35,0,18,18,18,34,22,8,7,0,19,19,19,34,21,20,36,0,20,20,20,34,37,38,39,0,21,21,21,34,1,24,2,0,22,22,22,34,27,9,40,0,23,23,23,34,40,9,41,0,24,24,24,34,5,28,42,0,25,25,25,34,43,44,45,0,26,26,26,34,10,44,43,0,27,27,27,34,31,13,12,0,28,28,28,34,31,7,29,0,29,29,29,34,11,14,30,0,30,30,30,34,19,2,46,0,31,31,31,34,38,46,39,0,32,32,32,34,19,46,38,0,33,33,33,34,22,31,35,0,34,34,34,34,47,39,48,0,35,35,35,34,47,48,45,0,36,36,36,34,49,38,37,0,37,37,37,34,20,37,47,0,38,38,38,34,50,32,23,0,39,39,39,34,1,16,51,0,40,40,40,34,16,1,3,0,41,41,41,34,40,41,36,0,42,42,42,34,27,40,45,0,43,43,43,34,40,47,45,0,44,44,44,34,47,36,20,0,45,45,45,34,29,7,26,0,46,46,46,34,7,9,26,0,47,47,47,34,27,44,30,0,48,48,48,34,27,30,26,0,49,49,49,34,52,51,53,0,50,50,50,34,33,50,54,0,51,51,51,34,43,54,10,0,52,52,52,34,6,5,34,0,53,53,53,34,6,12,10,0,54,54,54,34,6,31,12,0,55,55,55,34,34,31,6,0,56,56,56,34,14,31,29,0,57,57,57,34,44,12,11,0,58,58,58,34,44,10,12,0,59,59,59,34,50,0,28,0,60,60,60,34,55,49,19,0,61,61,61,34,20,22,37,0,62,62,62,34,37,22,35,0,63,63,63,34,37,39,47,0,64,64,64,34,35,49,37,0,65,65,65,34,53,15,33,0,66,66,66,34,53,16,15,0,67,67,67,34,46,25,52,0,68,68,68,34,51,24,1,0,69,69,69,34,43,33,54,0,70,70,70,34,44,27,45,0,71,71,71,34,44,11,30,0,72,72,72,34,16,53,51,0,73,73,73,34,43,48,53,0,74,74,74,34,56,52,53,0,75,75,75,34,46,52,56,0,76,76,76,34,50,33,32,0,77,77,77,34,54,50,28,0,78,78,78,34,28,10,54,0,79,79,79,34,10,28,4,0,80,80,80,34,32,15,23,0,81,81,81,34,33,43,53,0,82,82,82,34,0,42,28,0,83,83,83,34,23,0,50,0,84,84,84,34,52,25,24,0,85,85,85,34,52,24,51,0,86,86,86,34,40,36,47,0,87,87,87,34,46,56,39,0,88,88,88,34,13,31,14,0,89,89,89,34,42,0,17,0,90,90,90,34,2,25,46,0,91,91,91,34,0,2,18,0,92,92,92,34,29,26,30,0,93,93,93,34,56,53,48,0,94,94,94,34,18,2,19,0,95,95,95,34,55,19,38,0,96,96,96,34,3,0,23,0,97,97,97,34,36,41,57,0,98,98,98,34,9,8,41,0,99,99,99,34,36,57,21,0,100,100,100,34,39,56,48,0,101,101,101,34,57,8,22,0,102,102,102,34,8,57,41,0,103,103,103,34,21,57,22,0,104,104,104,34,55,38,49,0,105,105,105,34,34,5,17,0,106,106,106,34,35,34,17,0,107,107,107,34,19,49,17,0,108,108,108,34,42,17,5,0,109,109,109,34,49,35,17,0,110,110,110,34,45,48,43,0,111,111,111]

}
