{

    "metadata" :
    {
        "formatVersion" : 3.1,
        "sourceFile"    : "left_ankle.obj",
        "generatedBy"   : "OBJConverter",
        "vertices"      : 41,
        "faces"         : 78,
        "normals"       : 78,
        "colors"        : 0,
        "uvs"           : 0,
        "materials"     : 1
    },

    "scale" : 1.000000,

    "materials": [	{
	"DbgColor" : 15658734,
	"DbgIndex" : 0,
	"DbgName" : "None",
	"colorDiffuse" : [0.8, 0.8, 0.8],
	"colorSpecular" : [0.8, 0.8, 0.8],
	"illumination" : 2,
	"opacity" : 1.0,
	"specularCoef" : 0.0
	}],

    "vertices": [-0.060100,-0.008500,-0.020100,0.001778,-0.014047,-0.026178,-0.065340,-0.014245,-0.013298,-0.066076,0.043872,-0.013306,-0.069364,-0.003175,-0.013623,-0.074292,-0.002134,-0.000686,-0.060100,0.044600,-0.020100,0.001414,-0.001295,-0.031143,0.022831,-0.006762,-0.013383,0.020100,0.044600,-0.017000,0.025510,-0.000912,-0.000019,0.013102,-0.005285,-0.026425,0.019310,-0.003022,-0.019996,-0.060100,0.050600,-0.015000,0.014858,0.050630,-0.017175,-0.011652,0.044427,-0.022913,0.013842,0.038879,0.022932,0.020100,0.044600,0.017000,0.014734,0.050661,0.017141,0.006830,0.044608,0.023100,-0.060100,0.050600,0.015000,-0.060100,0.044600,0.020100,0.000740,-0.000895,0.028575,-0.068908,-0.012928,-0.006969,0.013041,-0.014237,-0.022436,0.013293,0.043922,-0.022969,0.022930,-0.012901,-0.005234,0.014400,-0.014597,0.017616,-0.000026,-0.013841,0.026127,-0.065282,-0.014258,0.013355,0.013313,-0.003828,0.026246,0.019161,-0.003116,0.020206,-0.068851,-0.013661,0.006315,-0.060100,-0.008500,0.020100,0.022866,-0.013898,0.001972,0.022976,-0.001790,0.013598,-0.069302,-0.002494,0.013765,-0.073963,0.002176,0.002266,-0.066076,0.043911,0.013280,0.022252,-0.008350,0.013943,0.007473,-0.011960,0.025946],

    "morphTargets": [],

    "morphColors": [],

    "normals": [-0.1317,-0.705,-0.6969,-0.9305,0.0674,-0.3599,-0.1767,0,-0.9843,0.9766,0.037,-0.212,0.7133,0.0322,-0.7001,-0.0203,0.7243,-0.6892,-0.0419,0.6471,-0.7613,0.4388,0.3694,0.8191,-0.7526,0.057,-0.656,-0.0206,0.7149,0.6989,0.342,0.3936,0.8533,-0.0444,0.1252,0.9911,-0.6869,0.4707,-0.5538,-0.9082,-0.264,-0.3248,-0.8519,-0.3217,-0.4133,-0.6486,-0.2567,-0.7166,-0.0566,0.1612,-0.9853,-0.1233,-0.3631,-0.9236,0.7611,-0.3003,-0.575,0.738,-0.2788,-0.6145,0.993,0.118,0,0.6556,0.0504,-0.7534,0.9795,-0.1549,-0.1286,0.886,0.0145,-0.4635,-0.0082,-0.9972,0.0746,0.7161,0.0327,0.6972,0.6628,0.0498,0.7471,-0.8993,-0.4368,-0.0202,-0.1647,-0.9863,-0.0001,-0.138,-0,0.9904,0.5573,0.4645,-0.6883,-0.0342,0.6473,0.7615,0.0014,0.1775,-0.9841,0.2475,-0.3454,-0.9052,0.3443,-0.9304,-0.1256,0.9815,0.0472,0.1857,0.76,-0.5146,-0.3969,0.8645,0.0167,0.5024,-0.4201,-0.9062,-0.0482,-0.9361,-0.1473,0.3196,-0.9184,-0.2446,0.311,-0.654,-0.2484,0.7145,-0.6866,0.4709,0.554,-0.7538,0.0593,0.6544,-0.9148,0.0678,0.3982,0.1982,0.0734,0.9774,0.9791,-0.2023,-0.0194,0.392,0.0629,-0.9178,0.6777,-0.6533,0.3376,-0.1326,-0.7012,0.7005,-0.1139,-0.1781,0.9774,-0.9826,0.1858,-0.0002,-0.9836,0.1469,-0.1047,0.9794,-0.0989,0.1759,0.2841,-0.3918,-0.8751,0.0711,-0.1894,0.9793,0.6333,-0.41,0.6564,0.6228,-0.4703,0.6253,-0.8589,-0.3078,0.4093,0.062,-0.998,-0.0111,0.975,-0.1782,0.1326,0.8699,-0.0704,0.4881,0.1481,-0.1425,0.9787,0.2264,-0.8585,0.46,0.1089,0.1044,0.9886,0.6942,-0.3456,0.6314,-0.573,0,-0.8196,0.7488,0.6628,0.0021,0.7547,0.6561,0,-0.0008,1,-0.0009,-0.0004,1,0,0.0115,0.6521,-0.7581,-0.567,-0,0.8237,-0.7458,0.6662,0,-0.7478,0.664,-0.0009,-0.014,-0.9999,-0.0085,0.0005,-0.9999,-0.0127,-0.0042,-1,-0.0005],

    "colors": [],

    "uvs": [[]],

    "faces": [34,0,1,2,0,0,0,0,34,3,4,5,0,1,1,1,34,6,7,0,0,2,2,2,34,8,9,10,0,3,3,3,34,11,9,12,0,4,4,4,34,13,14,15,0,5,5,5,34,15,6,13,0,6,6,6,34,16,17,18,0,7,7,7,34,3,6,4,0,8,8,8,34,19,18,20,0,9,9,9,34,19,16,18,0,10,10,10,34,21,22,19,0,11,11,11,34,6,3,13,0,12,12,12,34,23,5,4,0,13,13,13,34,4,2,23,0,14,14,14,34,2,4,0,0,15,15,15,34,15,7,6,0,16,16,16,34,7,1,0,0,17,17,17,34,12,8,24,0,18,18,18,34,24,11,12,0,19,19,19,34,10,9,17,0,20,20,20,34,25,9,11,0,21,21,21,34,26,8,10,0,22,22,22,34,8,12,9,0,23,23,23,34,27,28,29,0,24,24,24,34,30,31,17,0,25,25,25,34,16,30,17,0,26,26,26,34,23,32,5,0,27,27,27,34,32,2,29,0,28,28,28,34,22,21,33,0,29,29,29,34,25,14,9,0,30,30,30,34,21,19,20,0,31,31,31,34,25,7,15,0,32,32,32,34,7,11,1,0,33,33,33,34,24,26,34,0,34,34,34,34,10,17,35,0,35,35,35,34,26,24,8,0,36,36,36,34,31,35,17,0,37,37,37,34,2,32,23,0,38,38,38,34,5,36,37,0,39,39,39,34,36,5,32,0,40,40,40,34,36,29,33,0,41,41,41,34,38,21,20,0,42,42,42,34,21,38,36,0,43,43,43,34,38,37,36,0,44,44,44,34,22,30,16,0,45,45,45,34,26,10,34,0,46,46,46,34,25,11,7,0,47,47,47,34,39,27,34,0,48,48,48,34,28,33,29,0,49,49,49,34,22,33,28,0,50,50,50,34,37,38,3,0,51,51,51,34,3,5,37,0,52,52,52,34,39,10,35,0,53,53,53,34,11,24,1,0,54,54,54,34,22,28,40,0,55,55,55,34,40,27,39,0,56,56,56,34,39,30,40,0,57,57,57,34,29,36,32,0,58,58,58,34,34,27,24,0,59,59,59,34,10,39,34,0,60,60,60,34,35,31,39,0,61,61,61,34,30,22,40,0,62,62,62,34,40,28,27,0,63,63,63,34,22,16,19,0,64,64,64,34,31,30,39,0,65,65,65,34,6,0,4,0,66,66,66,34,18,17,14,0,67,67,67,34,14,17,9,0,68,68,68,34,20,18,14,0,69,69,69,34,14,13,20,0,70,70,70,34,25,15,14,0,71,71,71,34,36,33,21,0,72,72,72,34,38,20,13,0,73,73,73,34,38,13,3,0,74,74,74,34,24,27,1,0,75,75,75,34,2,1,27,0,76,76,76,34,27,29,2,0,77,77,77]

}
