{

    "metadata" :
    {
        "formatVersion" : 3.1,
        "sourceFile"    : "left_foot.obj",
        "generatedBy"   : "OBJConverter",
        "vertices"      : 61,
        "faces"         : 118,
        "normals"       : 115,
        "colors"        : 0,
        "uvs"           : 0,
        "materials"     : 1
    },

    "scale" : 1.000000,

    "materials": [	{
	"DbgColor" : 15658734,
	"DbgIndex" : 0,
	"DbgName" : "None",
	"colorDiffuse" : [0.8, 0.8, 0.8],
	"colorSpecular" : [0.8, 0.8, 0.8],
	"illumination" : 2,
	"opacity" : 1.0,
	"specularCoef" : 0.0
	}],

    "vertices": [-0.153040,0.050636,0.145681,-0.148268,0.062176,0.134814,-0.149982,-0.123107,0.123458,-0.089676,0.065308,0.095522,-0.089342,-0.043008,0.095436,-0.030305,0.062307,0.134980,-0.025082,-0.125638,0.145129,-0.030145,-0.123081,0.123062,-0.156171,-0.126972,0.145599,-0.070397,-0.042932,0.095455,-0.039816,-0.131499,0.122140,-0.140101,-0.131439,0.122170,-0.038739,-0.137288,0.133666,-0.029468,0.052696,0.145934,-0.042859,0.073395,0.139377,-0.069973,0.065330,0.095590,-0.138292,0.073134,0.139817,-0.142880,-0.136491,0.132392,-0.149463,0.062416,0.145516,-0.139684,0.070929,0.145730,-0.043585,0.071430,0.145741,-0.032881,0.063209,0.145606,-0.151020,-0.135888,0.145525,-0.028429,-0.133212,0.145489,-0.037732,-0.140692,0.145583,-0.142349,-0.141132,0.145567,-0.146813,-0.125960,0.145868,-0.140185,-0.118392,0.146504,-0.041490,-0.136184,0.145868,-0.047348,-0.121065,0.146184,-0.130407,-0.126301,0.145868,-0.134702,0.059842,0.145868,-0.036983,-0.120435,0.145868,-0.050663,0.055389,0.145868,-0.033024,-0.126938,0.145868,-0.048515,0.045734,0.145868,-0.142742,0.045251,0.145868,-0.146075,0.054711,0.145868,-0.039908,0.060319,0.146122,-0.036979,0.047132,0.145868,-0.138273,-0.135561,0.145868,-0.131935,0.047294,0.145868,-0.142555,0.059261,0.156525,-0.134446,0.057395,0.163711,-0.132575,0.049128,0.163764,-0.138330,0.045556,0.163450,-0.050346,0.051632,0.163770,-0.043269,0.045100,0.163842,-0.141086,-0.133580,0.163704,-0.145205,0.051148,0.163954,-0.045806,0.058340,0.163700,-0.145005,-0.125674,0.163584,-0.038104,-0.121349,0.163723,-0.034529,-0.126437,0.163616,-0.037021,0.052716,0.163824,-0.132200,-0.125350,0.163731,-0.131858,-0.131660,0.156216,-0.036996,-0.132570,0.163452,-0.044488,-0.132484,0.163597,-0.047131,-0.126155,0.163774,-0.140887,-0.121250,0.164008],

    "morphTargets": [],

    "morphColors": [],

    "normals": [-0.9271,0.0315,-0.3736,-0.4189,-0.0006,-0.9081,0.9749,0.0151,-0.2219,-0.9637,0.0171,-0.2664,0.26,-0.1952,-0.9457,-0.0005,-0.2886,-0.9574,-0.0007,-0.8937,-0.4487,0.9982,0.0248,-0.0545,-0.0035,0.9838,-0.179,0.4996,0.7425,-0.4461,0.564,-0.0012,-0.8258,0.0022,-0.2905,-0.9569,-0.5582,0.0559,-0.8279,-0.0014,-0.8963,-0.4434,-0.7141,0.6936,-0.0952,-0.653,0.747,0.1249,-0.0005,0.9846,-0.1745,0.5835,0.7548,0.2996,0.6785,0.7274,0.1027,-0.6783,-0.6215,-0.3919,0.6628,-0.6621,-0.3498,0.9302,0.3081,0.1993,-0.4372,0.6713,-0.5985,-0.0049,0.9373,0.3484,-0.0013,0.9555,0.2949,0.6025,-0.7525,-0.2659,-0.0032,-0.9432,-0.3321,0.0041,-0.9614,-0.275,-0.9512,0.2872,-0.1126,-0.8235,-0.4732,-0.3128,0.7056,0.0461,-0.7071,0.8815,-0.4014,-0.2488,0.624,-0.6734,-0.3965,-0.2486,-0.1468,-0.9574,-0.4973,-0.8244,-0.2703,-0.6014,-0.6391,-0.4794,0.001,0.0008,-1,0.0034,0.0012,-1,-0.0288,0,0.9996,-0.093,-0.0022,0.9957,-0.1036,-0.0609,0.9928,0.0001,0.0011,1,0.0733,0.0104,0.9973,0.1331,0.0722,0.9885,-0.0002,0.008,1,0.0101,0.0061,0.9999,-0.0016,-0.0004,1,-0.0016,-0.0001,1,0.0937,0.0084,0.9956,-0.0223,-0.0079,0.9997,-0.0426,0.0269,0.9987,0.0292,0.0209,0.9994,-0.0446,0.0261,0.9987,-0.0047,0.0104,0.9999,0.0521,0.0514,0.9973,0.0743,-0.0027,0.9972,0.0607,0.0008,0.9982,0.1108,-0.0018,0.9938,-0.0273,-0.0174,0.9995,-0.0341,0.0229,0.9992,0.0001,-0.0631,0.998,0.0365,-0.0329,0.9988,-0.0263,-0.0234,0.9994,-0.1045,-0.003,0.9945,-0.0031,0.0028,1,-0.0041,-0.643,0.7659,-0,0,1,0.0367,-0.0336,0.9988,0.0003,-0.0021,1,-0.3986,0.8836,-0.2456,0.9764,0.2154,0.0155,0.9752,0.2209,0.0122,0.5202,-0.8475,0.1055,-0.9757,-0.2171,-0.0283,0.1084,0.9851,0.1335,0.12,-0.9903,-0.0699,-0.6693,-0.7233,0.1699,-0.7465,-0.664,-0.044,-0.3858,0.6884,0.6142,-0.8203,0.5566,0.1313,-0.8922,-0.4408,0.0982,0.8514,0.5183,0.08,0.8176,0.5733,0.0532,0.9739,0.2175,-0.0654,-0.6146,-0.7708,0.1676,0.7585,-0.6218,0.1952,-0.943,-0.3323,-0.0201,-0.9041,0.4089,0.124,0.9922,-0.0693,0.1033,0.9232,-0.3738,0.0888,-0.0592,0.9971,0.0473,-0.0073,-0.9791,0.2031,0.1856,-0.9822,-0.0295,0.6296,0.7766,0.0219,-0.7534,0.6543,0.0663,-0.4157,0.9088,-0.0372,0.3197,-0.9349,0.1543,0.7366,-0.6745,-0.0496,0.743,-0.6312,-0.2227,-0.9299,-0.3586,-0.0824,-0.9193,-0.3811,-0.0989,0.0167,0.0101,0.9998,0.0008,-0.0888,0.9961,-0.0004,0.0106,0.9999,-0.0117,0.0093,0.9999,-0.0082,0.0091,0.9999,-0.0092,-0.0867,0.9962,0.0191,-0.02,0.9996,0.0118,-0.0316,0.9994,0.0122,-0.0123,0.9999,0.5172,0.8137,0.2651,-0.4536,0.8546,0.2529,0.4254,0.8903,0.1624,-0.7334,0.675,0.0808,0.5694,-0.6166,0.5437],

    "colors": [],

    "uvs": [[]],

    "faces": [34,0,1,2,0,0,0,0,34,3,4,2,0,1,1,1,34,5,6,7,0,2,2,2,34,2,8,0,0,3,3,3,34,9,7,10,0,4,4,4,34,10,11,9,0,5,5,5,34,12,11,10,0,6,6,6,34,6,5,13,0,7,7,7,34,14,15,16,0,8,8,8,34,5,15,14,0,9,9,9,34,15,7,9,0,10,10,10,34,11,4,9,0,11,11,11,34,3,2,1,0,12,12,12,34,17,11,12,0,13,13,13,34,16,1,18,0,14,14,14,34,16,18,19,0,15,15,15,34,16,15,3,0,16,16,16,34,14,20,21,0,17,17,17,34,14,21,5,0,18,18,18,34,2,17,22,0,19,19,19,34,23,12,7,0,20,20,20,34,13,5,21,0,21,21,21,34,3,1,16,0,22,22,22,34,20,16,19,0,23,23,23,34,16,20,14,0,24,24,24,34,23,24,12,0,25,25,25,34,17,12,25,0,26,26,26,34,25,12,24,0,27,27,27,34,1,0,18,0,28,28,28,34,8,2,22,0,29,29,29,34,15,5,7,0,30,30,30,34,23,7,6,0,31,31,31,34,12,10,7,0,32,32,32,34,11,2,4,0,33,33,33,34,25,22,17,0,34,34,34,34,11,17,2,0,35,35,35,34,4,3,9,0,36,36,36,34,15,9,3,0,37,37,37,34,0,8,26,0,38,38,38,34,0,26,27,0,39,39,39,34,28,29,0,0,40,40,40,34,30,28,0,0,41,41,41,34,27,30,0,0,42,42,42,34,19,31,32,0,43,43,43,34,33,20,19,0,44,44,44,34,19,32,34,0,45,45,45,34,35,33,19,0,46,46,46,34,35,19,34,0,47,47,47,34,34,23,35,0,48,48,48,34,0,36,37,0,49,49,49,34,37,18,0,0,50,50,50,34,0,29,32,0,51,51,51,34,19,18,37,0,52,52,52,34,19,37,31,0,53,53,53,34,21,20,38,0,54,54,54,34,21,38,39,0,55,55,55,34,39,23,21,0,56,56,56,34,13,23,6,0,57,57,57,34,0,32,36,0,58,58,58,34,20,33,38,0,59,59,59,34,28,25,24,0,60,60,60,34,24,23,28,0,61,61,61,34,26,8,22,0,62,62,62,34,22,40,26,0,62,62,62,34,21,23,13,0,63,63,63,34,22,25,28,0,64,64,64,34,22,28,40,0,65,65,65,34,32,41,36,0,66,66,66,34,28,30,40,0,66,66,66,34,32,31,41,0,66,66,66,34,34,28,23,0,67,67,67,34,39,35,23,0,68,68,68,34,31,37,42,0,69,69,69,34,41,31,43,0,70,70,70,34,43,44,41,0,71,71,71,34,44,45,41,0,72,72,72,34,33,35,46,0,73,73,73,34,42,43,31,0,74,74,74,34,35,39,47,0,75,75,75,34,47,46,35,0,76,76,76,34,26,40,48,0,77,77,77,34,49,43,42,0,78,78,78,34,46,50,33,0,79,79,79,34,48,51,26,0,80,80,80,34,34,32,52,0,81,81,81,34,52,53,34,0,82,82,82,34,39,38,54,0,83,83,83,34,45,49,36,0,84,84,84,34,54,47,39,0,85,85,85,34,37,36,49,0,86,86,86,34,49,42,37,0,87,87,87,34,55,56,30,0,88,88,88,34,53,57,34,0,89,89,89,34,29,52,32,0,90,90,90,34,57,58,28,0,91,91,91,34,36,41,45,0,92,92,92,34,30,27,55,0,93,93,93,34,51,27,26,0,94,94,94,34,38,33,50,0,95,95,95,34,56,48,40,0,96,96,96,34,28,34,57,0,97,97,97,34,40,30,56,0,98,98,98,34,29,28,58,0,99,99,99,34,58,59,29,0,100,100,100,34,44,43,49,0,101,101,101,34,49,45,44,0,102,102,102,34,50,46,47,0,103,103,103,34,51,48,55,0,104,104,104,34,54,50,47,0,105,105,105,34,55,60,51,0,106,106,106,34,59,58,57,0,107,107,107,34,59,57,53,0,108,108,108,34,52,59,53,0,109,109,109,34,50,54,38,0,110,110,110,34,59,52,29,0,111,111,111,34,55,27,60,0,112,112,112,34,27,51,60,0,113,113,113,34,55,48,56,0,114,114,114]

}
