{

    "metadata" :
    {
        "formatVersion" : 3.1,
        "sourceFile"    : "left_hip_yaw.obj",
        "generatedBy"   : "OBJConverter",
        "vertices"      : 51,
        "faces"         : 98,
        "normals"       : 98,
        "colors"        : 0,
        "uvs"           : 0,
        "materials"     : 1
    },

    "scale" : 1.000000,

    "materials": [	{
	"DbgColor" : 15658734,
	"DbgIndex" : 0,
	"DbgName" : "None",
	"colorDiffuse" : [0.8, 0.8, 0.8],
	"colorSpecular" : [0.8, 0.8, 0.8],
	"illumination" : 2,
	"opacity" : 1.0,
	"specularCoef" : 0.0
	}],

    "vertices": [-0.098002,0.067365,-0.275939,-0.097508,-0.035114,-0.275081,-0.094494,0.068432,-0.272684,-0.120123,0.013358,-0.323059,-0.115093,-0.013908,-0.334049,-0.110507,-0.022775,-0.335285,-0.105222,-0.031757,-0.335202,-0.081628,-0.018910,-0.343516,-0.079050,-0.038126,-0.335294,-0.095115,-0.036075,-0.335265,-0.026317,0.025139,-0.313109,-0.026732,0.004092,-0.313189,-0.026030,0.023069,-0.335373,-0.026356,0.007765,-0.335375,-0.047710,0.012790,-0.343517,-0.080346,-0.038031,-0.272755,-0.088862,-0.037309,-0.272306,-0.070848,-0.037283,-0.272346,-0.066633,-0.036364,-0.335277,-0.063005,-0.035254,-0.274716,-0.078831,0.070577,-0.272268,-0.071487,0.069932,-0.335356,-0.086637,0.070253,-0.335355,-0.062982,0.067745,-0.274687,-0.055439,0.064924,-0.335362,-0.041047,0.054604,-0.315064,-0.094198,0.048678,-0.343518,-0.104905,0.064743,-0.335248,-0.116115,0.043308,-0.320488,-0.114035,0.047487,-0.335229,-0.118633,0.031046,-0.335188,-0.030786,-0.006914,-0.335370,-0.093757,-0.035707,-0.272348,-0.088227,0.069935,-0.272839,-0.112402,0.030932,-0.343498,-0.089411,0.004215,-0.345691,-0.115161,0.009607,-0.343479,-0.030151,0.037829,-0.335375,-0.058707,0.042178,-0.343608,-0.039120,0.052298,-0.335375,-0.059699,-0.012796,-0.343539,-0.036919,-0.017364,-0.314169,-0.119854,0.009982,-0.335213,-0.101973,-0.011552,-0.343500,-0.054563,-0.031984,-0.335266,-0.040358,-0.020998,-0.335353,-0.031092,0.039931,-0.313504,-0.065840,-0.035596,-0.272440,-0.066759,0.068976,-0.272446,-0.065406,0.020137,-0.345693,-0.087578,0.029456,-0.345555],

    "morphTargets": [],

    "morphColors": [],

    "normals": [-0.6806,0.0029,0.7327,-0.9484,-0.2524,0.1921,-0.7978,-0.4659,0.3827,-0.0526,-0.3988,-0.9155,0.9997,-0.0198,0.0147,0.3547,-0.0074,-0.9349,-0.0845,-0.9964,-0.0002,0.2512,-0.9679,0.0027,0.0212,0.9997,-0.0078,0.2979,0.9546,-0.0074,0.554,0.832,0.0302,0.0074,0.3516,-0.9361,-0.1225,0.3885,-0.9133,-0.8604,0.5036,0.0779,-0.8839,0.4677,0.0079,-0.9614,0.2687,-0.0594,-0.9049,-0.0008,0.4257,0.9569,-0.2888,-0.0316,-0.5892,-0.0016,0.808,0.0784,-0.9969,0.0031,0.0026,-0.5055,0.8628,-0.0684,0.9977,0.0033,-0.7797,0.2166,-0.5876,-0.0835,0.0099,-0.9965,0.2982,0.1848,-0.9365,-0.9392,0.0974,0.3292,-0.2888,0.9573,-0.0084,0.0229,-0.0859,-0.996,0.9014,-0.4302,0.0487,0.8346,-0.4129,0.3646,0.1405,-0.9901,-0.0051,0.1014,0.3262,-0.9399,-0.7952,0.1024,-0.5976,-0.8569,-0.194,-0.4776,0.0539,0.3073,-0.9501,-0.2478,-0.9688,0.0056,-0.4617,-0.2794,-0.8419,-0.4466,-0.2775,-0.8506,-0.0979,-0.06,-0.9934,0.6115,-0.7904,0.0363,0.7361,-0.0171,0.6766,0.9997,-0.0213,0.0134,0.9631,0.2689,-0.0126,0.9515,0.3075,0.0114,0.3411,-0.94,-0.0032,-0.0846,0.4447,0.8917,-0.1267,-0.9919,-0.0069,0.6261,-0.0004,0.7798,0.7233,-0.0004,0.6906,0.3132,-0.9155,0.2526,0.3054,0.9522,-0.0085,0.6116,0.7905,-0.0317,0.0387,-0.0585,-0.9975,0.1026,-0.0472,-0.9936,-0.9805,-0.1938,0.0322,0.1424,0.0502,-0.9885,-0.2832,0.959,-0.0094,-0.2332,0.9724,-0.001,-0.3929,-0.9196,-0.0009,0.8265,-0.5617,-0.0378,0.1315,0.9913,0.0052,-0.0777,0.0786,-0.9939,-0.0819,0.0113,-0.9966,-0.0394,-0.1067,-0.9935,0.0179,0.1115,-0.9936,-0.6978,-0.2684,-0.6641,0.8499,0.5268,-0.0141,0.8267,0.5624,0.0146,-0.9976,0.0579,-0.0382,-0.9899,0.127,0.0636,-0.5923,0.3125,-0.7426,-0.8697,-0.4864,0.0844,0.6074,-0.7933,0.0418,0.1323,-0.3624,-0.9226,-0.3053,-0.927,0.218,-0.2794,0.2857,-0.9167,-0.1264,-0.3474,-0.9292,0.305,-0.2084,-0.9293,0.2951,-0.1375,-0.9455,0.0296,0.0852,-0.9959,0.8305,0.2809,0.481,-0.8675,0.0509,-0.4948,0.0561,-0.3864,-0.9206,0.098,-0.3548,-0.9298,0.5114,0.0045,0.8594,-0.1568,-0.3535,-0.9222,0.2474,-0.327,-0.9121,0.2327,0.3017,-0.9245,0.7897,0.5619,0.2461,0.3336,-0.101,-0.9373,0.2874,0.0801,-0.9545,0.3032,0.1105,-0.9465,-0.027,0.003,0.9996,-0.0084,0.0004,1,0.0186,0.0007,0.9998,0.0148,0.0002,0.9999,0.0022,-0.0006,1,-0.0039,0.0056,-1],

    "colors": [],

    "uvs": [[]],

    "faces": [34,0,1,2,0,0,0,0,34,1,3,4,0,1,1,1,34,4,5,6,0,2,2,2,34,7,8,9,0,3,3,3,34,10,11,12,0,4,4,4,34,12,13,14,0,5,5,5,34,15,16,8,0,6,6,6,34,17,18,19,0,7,7,7,34,20,21,22,0,8,8,8,34,21,23,24,0,9,9,9,34,24,23,25,0,10,10,10,34,22,21,26,0,11,11,11,34,27,22,26,0,12,12,12,34,0,27,28,0,13,13,13,34,27,29,28,0,14,14,14,34,28,29,30,0,15,15,15,34,1,0,3,0,16,16,16,34,11,31,13,0,17,17,17,34,2,1,32,0,18,18,18,34,17,15,8,0,19,19,19,34,17,16,15,0,20,20,20,34,33,20,22,0,21,21,21,34,34,30,29,0,22,22,22,34,35,36,34,0,23,23,23,34,37,38,39,0,24,24,24,34,3,0,28,0,25,25,25,34,27,2,22,0,26,26,26,34,40,7,35,0,27,27,27,34,11,41,31,0,28,28,28,34,41,11,19,0,29,29,29,34,17,8,18,0,30,30,30,34,21,24,38,0,31,31,31,34,34,36,30,0,32,32,32,34,4,42,36,0,33,33,33,34,26,21,38,0,34,34,34,34,9,16,1,0,35,35,35,34,6,5,36,0,36,36,36,34,36,43,6,0,37,37,37,34,43,36,35,0,38,38,38,34,44,45,41,0,39,39,39,34,19,11,10,0,40,40,40,34,12,11,13,0,41,41,41,34,10,12,37,0,42,42,42,34,10,37,46,0,43,43,43,34,44,19,18,0,44,44,44,34,2,20,33,0,45,45,45,34,16,9,8,0,46,46,46,34,23,47,19,0,47,47,47,34,23,19,10,0,48,48,48,34,19,47,17,0,49,49,49,34,48,23,21,0,50,50,50,34,24,25,39,0,51,51,51,34,40,35,49,0,52,52,52,34,14,40,49,0,53,53,53,34,42,4,3,0,54,54,54,34,38,14,49,0,55,55,55,34,2,27,0,0,56,56,56,34,2,33,22,0,57,57,57,34,9,1,6,0,58,58,58,34,41,45,31,0,59,59,59,34,20,48,21,0,60,60,60,34,50,34,26,0,61,61,61,34,50,35,34,0,62,62,62,34,35,7,43,0,63,63,63,34,38,50,26,0,64,64,64,34,4,36,5,0,65,65,65,34,39,46,37,0,66,66,66,34,39,25,46,0,67,67,67,34,30,42,3,0,68,68,68,34,30,3,28,0,69,69,69,34,27,34,29,0,70,70,70,34,4,6,1,0,71,71,71,34,19,44,41,0,72,72,72,34,44,18,40,0,73,73,73,34,1,16,32,0,74,74,74,34,27,26,34,0,75,75,75,34,43,7,9,0,76,76,76,34,40,31,45,0,77,77,77,34,40,14,31,0,78,78,78,34,38,49,50,0,79,79,79,34,23,10,46,0,80,80,80,34,42,30,36,0,81,81,81,34,7,18,8,0,82,82,82,34,7,40,18,0,83,83,83,34,23,48,47,0,84,84,84,34,43,9,6,0,85,85,85,34,40,45,44,0,86,86,86,34,24,39,38,0,87,87,87,34,25,23,46,0,88,88,88,34,13,31,14,0,89,89,89,34,38,37,12,0,90,90,90,34,12,14,38,0,91,91,91,34,2,32,20,0,92,92,92,34,32,16,20,0,93,93,93,34,20,17,47,0,94,94,94,34,47,48,20,0,95,95,95,34,20,16,17,0,96,96,96,34,49,35,50,0,97,97,97]

}
