{

    "metadata" :
    {
        "formatVersion" : 3.1,
        "sourceFile"    : "left_shank.obj",
        "generatedBy"   : "OBJConverter",
        "vertices"      : 151,
        "faces"         : 298,
        "normals"       : 298,
        "colors"        : 0,
        "uvs"           : 0,
        "materials"     : 1
    },

    "scale" : 1.000000,

    "materials": [	{
	"DbgColor" : 15658734,
	"DbgIndex" : 0,
	"DbgName" : "None",
	"colorDiffuse" : [0.8, 0.8, 0.8],
	"colorSpecular" : [0.8, 0.8, 0.8],
	"illumination" : 2,
	"opacity" : 1.0,
	"specularCoef" : 0.0
	}],

    "vertices": [-0.054968,0.018912,0.116170,-0.105185,0.017683,0.116602,-0.105257,0.004255,0.121560,-0.048589,0.026559,0.080076,-0.050022,0.010428,-0.097577,-0.050098,0.038220,0.076106,-0.054849,0.003856,0.121701,-0.083010,0.047246,0.040371,-0.054846,0.043877,0.080136,-0.072393,0.046410,0.041130,-0.074941,-0.041456,-0.073355,-0.054737,-0.029915,0.110348,-0.105108,-0.030006,0.109753,-0.055002,0.027112,0.112199,-0.054985,0.031622,0.108592,-0.105054,0.031516,0.108674,-0.054843,0.011762,-0.098558,-0.105221,0.012454,-0.096135,-0.109981,0.010765,-0.096465,-0.115314,0.018806,0.079392,-0.113850,0.026409,0.080163,-0.109870,0.038163,0.074600,-0.116009,0.009701,0.098456,-0.115981,0.006671,0.066609,-0.113276,-0.007856,-0.086276,-0.116011,-0.001086,0.099056,-0.109919,-0.028288,0.111041,-0.113168,-0.017729,0.104945,-0.109890,-0.036445,-0.078707,-0.105657,0.026325,0.112616,-0.109809,0.037285,0.087062,-0.113100,0.024817,0.101138,-0.054976,0.041679,0.090373,-0.105392,0.043915,0.079010,-0.105191,0.041604,0.090462,-0.105233,0.043910,0.071567,-0.091162,0.045192,0.041002,-0.054655,0.008858,-0.103506,-0.105132,0.008651,-0.103786,-0.105075,0.010878,-0.100498,-0.053304,0.003847,-0.107610,-0.106713,0.003892,-0.107595,-0.054741,0.043902,0.071695,-0.088359,-0.041106,-0.073573,-0.114643,0.001850,0.108813,-0.113795,0.014979,0.106665,-0.115241,-0.003039,0.106183,-0.054906,0.035074,0.104398,-0.105060,0.035027,0.104482,-0.110044,0.034204,0.098906,-0.114869,0.017493,0.099702,-0.109970,0.031217,0.105993,-0.050136,0.025432,0.111483,-0.050144,0.006133,0.119424,-0.048243,-0.004780,0.109883,-0.048192,0.019364,0.097781,-0.112046,0.001399,-0.091698,-0.106562,-0.001260,-0.109881,-0.053443,-0.001248,-0.109880,-0.066407,-0.039958,-0.081534,-0.085777,-0.041004,-0.081164,-0.085520,-0.039072,-0.088780,-0.110087,-0.035153,-0.084051,-0.112057,-0.027192,-0.084675,-0.105030,-0.028494,0.115573,-0.055270,-0.028266,0.116024,-0.053295,-0.023053,0.121530,-0.109967,0.026051,0.111020,-0.049884,-0.008857,0.123399,-0.113401,-0.014632,-0.085584,-0.049989,0.032570,0.103608,-0.050018,0.036706,0.089163,-0.050011,0.007834,-0.102341,-0.110010,-0.026843,0.115075,-0.050402,0.004356,-0.106215,-0.066252,-0.038286,-0.087880,-0.062414,-0.039673,-0.074629,-0.106790,-0.023183,0.121424,-0.050309,0.030230,0.107392,-0.112877,-0.021806,-0.085784,-0.111680,-0.024894,-0.091880,-0.101592,-0.038781,-0.074029,-0.102053,-0.038240,-0.080967,-0.115179,-0.007966,0.101944,-0.109959,0.000108,-0.108312,-0.050488,-0.006050,-0.109840,-0.049971,-0.000684,-0.108451,-0.049983,-0.011005,-0.108847,-0.071597,-0.036097,-0.094316,-0.087171,-0.036335,-0.094320,-0.110023,-0.018361,-0.105902,-0.109931,-0.025307,-0.100839,-0.111864,-0.018372,-0.096898,-0.106761,-0.013167,-0.109553,-0.109493,-0.006602,-0.109864,-0.053507,-0.013236,-0.109574,-0.050078,-0.028461,0.109807,-0.050412,-0.028057,0.112550,-0.109979,-0.015168,0.124011,-0.109901,-0.019640,0.122468,-0.106601,-0.018011,0.124218,-0.052277,-0.008413,0.124536,-0.106568,-0.006303,0.124288,-0.109892,-0.009759,0.124206,-0.052129,-0.016829,0.124382,-0.109889,0.019876,0.114051,-0.109931,0.004440,0.119970,-0.113107,-0.004647,0.115264,-0.047678,0.011884,0.092711,-0.049123,-0.000186,-0.091051,-0.111847,-0.003458,-0.099021,-0.110029,0.004873,-0.105446,-0.109686,0.007136,-0.103489,-0.110007,0.009346,-0.100055,-0.048689,-0.017233,-0.084564,-0.047838,-0.006346,0.101202,-0.112726,-0.014568,-0.093551,-0.104741,-0.022852,-0.104948,-0.050042,-0.036197,-0.079740,-0.048806,-0.017298,0.109056,-0.050832,-0.036819,-0.074676,-0.050036,-0.026262,0.116265,-0.050381,-0.024646,0.118711,-0.050152,-0.017157,0.123594,-0.112958,-0.012729,0.114221,-0.048777,-0.008900,-0.090297,-0.111802,-0.009473,-0.100714,-0.110116,-0.008107,-0.109206,-0.102085,-0.034918,-0.091478,-0.054772,-0.023468,-0.104399,-0.104519,-0.030730,-0.097238,-0.110002,-0.029849,-0.095596,-0.050054,-0.021396,0.121419,-0.109940,-0.023823,0.119500,-0.102058,-0.036896,-0.086438,-0.057358,-0.034148,-0.092631,-0.060021,-0.033536,-0.095065,-0.110042,-0.013017,-0.108294,-0.050684,-0.030126,-0.095728,-0.050290,-0.025352,-0.100876,-0.050017,-0.031965,-0.092194,-0.049235,-0.027904,-0.083949,-0.049996,-0.016789,-0.106628,-0.056090,-0.037763,-0.080915,-0.050311,-0.009613,0.124235,-0.050004,-0.034734,-0.085658,-0.109920,-0.032698,-0.091124,-0.054989,-0.029407,-0.098628,-0.049214,-0.017383,-0.095177,-0.049982,-0.021944,-0.103513,-0.056080,-0.036256,-0.086900],

    "morphTargets": [],

    "morphColors": [],