{

    "metadata" :
    {
        "formatVersion" : 3.1,
        "sourceFile"    : "right_upper_arm.obj",
        "generatedBy"   : "OBJConverter",
        "vertices"      : 99,
        "faces"         : 194,
        "normals"       : 194,
        "colors"        : 0,
        "uvs"           : 0,
        "materials"     : 1
    },

    "scale" : 1.000000,

    "materials": [	{
	"DbgColor" : 15658734,
	"DbgIndex" : 0,
	"DbgName" : "None",
	"colorDiffuse" : [0.8, 0.8, 0.8],
	"colorSpecular" : [0.8, 0.8, 0.8],
	"illumination" : 2,
	"opacity" : 1.0,
	"specularCoef" : 0.0
	}],

    "vertices": [-0.024513,0.159542,-0.055989,-0.012473,-0.030379,-0.022307,-0.025664,-0.020759,-0.022283,0.034473,0.161385,-0.041006,0.039604,-0.003235,-0.000690,0.036879,-0.006438,-0.013207,0.028220,0.180956,-0.040402,0.026633,0.178160,-0.046141,-0.031706,-0.009028,-0.022007,0.026356,0.156973,-0.055363,0.002913,-0.032954,-0.022280,0.004713,-0.038110,-0.011642,0.019623,-0.026703,-0.022158,0.023478,-0.031916,-0.001965,0.031379,-0.009936,-0.022151,0.033147,-0.018099,-0.012673,-0.039508,-0.001240,-0.003281,-0.036152,0.163547,-0.030124,-0.035215,0.163144,-0.037588,-0.034976,-0.015829,-0.011086,-0.036692,-0.004225,-0.014380,-0.017169,-0.034295,-0.011626,-0.031915,-0.023508,-0.001132,-0.036553,-0.015229,0.003312,-0.028736,0.157124,-0.053575,-0.036350,-0.007566,0.014723,-0.032354,-0.004821,0.022277,-0.026003,0.145670,0.031048,-0.010541,0.154659,0.032473,-0.004031,0.148687,0.034434,0.003338,0.155262,0.032903,0.037948,-0.004082,0.010909,0.026321,0.145616,0.031139,0.032346,-0.004443,0.022320,0.035903,0.162297,-0.020233,0.030087,0.154852,0.017439,0.032873,-0.013712,0.018065,0.029173,-0.014803,0.022374,0.034480,0.170963,-0.031933,0.027679,0.184697,-0.024202,0.034104,0.171925,-0.021340,0.026963,0.184887,-0.031211,-0.024607,-0.031064,-0.000060,-0.016428,-0.035969,0.002452,0.027905,0.167842,-0.052188,-0.039348,-0.003250,0.005396,-0.029026,-0.015245,0.022338,-0.031329,-0.021887,0.010803,0.036923,-0.014516,0.000293,0.027245,0.152918,0.028772,-0.007872,-0.038745,0.003640,-0.002389,-0.032679,0.022432,-0.015590,-0.028644,0.022401,0.026629,0.184422,-0.018392,0.036199,0.163637,-0.029530,0.024445,0.170361,-0.052913,-0.026562,0.152016,0.029517,-0.027237,0.160096,0.023455,-0.030260,0.153341,0.017661,-0.034527,0.170583,-0.021534,-0.027983,0.167818,-0.052139,-0.004017,0.166022,0.024072,-0.024651,0.184960,-0.018280,-0.018608,0.163881,0.023081,-0.019047,0.158725,0.028528,0.030303,-0.025437,0.004041,0.018830,-0.034849,0.002078,-0.023673,-0.023016,0.022158,0.027431,0.160500,0.022956,0.019010,0.153756,0.031237,-0.027911,0.176602,-0.046293,0.024453,-0.021868,-0.022321,-0.035903,0.161826,-0.020142,-0.027915,-0.027334,0.007352,-0.001228,0.162070,0.029010,0.018038,0.160515,0.027226,0.010178,0.165371,0.023884,-0.033647,0.173916,-0.030175,0.012563,-0.030346,0.022355,0.008535,-0.038468,0.004453,0.024242,-0.022300,0.022224,0.026890,-0.025710,0.013801,-0.024561,0.181910,-0.042057,-0.024616,0.174213,-0.050432,-0.027714,0.183134,-0.036847,-0.024493,0.185357,-0.033685,0.024695,0.183623,-0.038804,-0.027719,0.184798,-0.027081,-0.027786,0.183332,-0.018040,-0.012274,-0.034870,0.014635,-0.019881,-0.033112,0.009325,0.035914,-0.015315,0.007202,-0.000698,-0.036928,0.015067,0.011749,-0.033647,0.017489,-0.019808,-0.029624,0.017399,0.022979,-0.031420,0.007192,0.013883,-0.036179,0.008643,0.000790,-0.039469,0.003775,0.019370,-0.030478,0.016445],

    "morphTargets": [],

    "morphColors": [],

    "normals": [-0.134,-0.1813,-0.9743,0.978,-0.0204,-0.2077,0.8759,0.2917,-0.3844,-0.3689,-0.1685,-0.914,0.0035,-0.172,-0.9851,0.4356,-0.8479,-0.3021,0.8611,-0.2946,-0.4144,-0.9922,-0.0001,-0.1245,-0.9617,-0.1965,-0.1911,-0.692,-0.6587,-0.2953,-0.8871,-0.455,-0.0782,-0.9314,-0.0419,-0.3617,-0.8854,0.0103,0.4647,-0.0416,0.2705,0.9618,0.8975,0.0101,0.4409,0.9862,0.041,0.1604,0.9886,0.043,0.1443,0.8896,-0.1478,0.4321,0.7662,-0.2316,0.5994,0.8941,0.4477,-0.0089,0.8757,0.4767,-0.0766,0.1173,0.0987,0.9882,-0.4953,-0.8653,-0.0768,-0.418,-0.1624,-0.8938,-0.7846,-0.3929,-0.4796,-0.875,-0.2475,-0.4161,0.0745,-0.18,-0.9808,0.8871,0.3099,-0.3421,-0.9728,-0.2099,-0.0978,-0.9606,-0.274,-0.0457,-0.6796,-0.6919,-0.2438,-0.8569,-0.0814,-0.509,-0.8127,-0.2564,0.5232,-0.8818,-0.3841,0.2736,0.9593,-0.2409,-0.1472,0.9331,-0.3072,-0.1869,0.6539,-0.6929,-0.3037,0.9136,0.0161,0.4063,-0.2948,-0.9506,-0.0975,-0.1508,-0.9049,-0.398,-0.0226,-0.0662,0.9975,0.8624,0.4737,0.1783,-0.5157,-0.7059,-0.4855,0.989,-0.0053,-0.1477,0.8618,-0.0708,-0.5023,0.0213,0.1829,-0.9829,-0.9382,0.154,0.3099,-0.9469,0.2434,0.2102,-0.9039,0.1188,-0.411,-0.1593,0.87,0.4667,-0.9489,-0.254,0.1874,-0.2287,0.3878,0.8929,-0.9126,0.0181,0.4085,-0.9477,0.0287,0.3178,0.8366,-0.5396,-0.0946,0.9678,0.0376,0.2491,0.3965,-0.8971,-0.1948,-0.1691,-0.9691,-0.1795,-0.157,-0.8989,-0.4091,-0.0736,-0.0627,0.9953,-0.0718,0.9968,0.0343,0.9476,0.2445,0.2058,0.1138,0.0903,0.9894,-0.6939,-0.6608,-0.2862,-0.8966,0.2504,-0.3652,0.3146,-0.8322,-0.4566,0.6613,-0.6719,-0.3334,0.3247,-0.1752,-0.9295,0.8674,0.0215,-0.4971,-0.9994,0.0246,0.0242,-0.9706,-0.0247,-0.2396,-0.5536,0.149,-0.8193,-0.1746,-0.0499,0.9834,-0.8059,-0.5802,0.1183,-0.7334,-0.5154,0.4433,-0.9531,0.0318,0.3008,0.1813,-0.0504,0.9821,0.1406,0.5608,0.8159,0.1203,0.5194,0.846,0.875,0.4767,-0.0843,0.2622,0.8375,0.4794,0.0105,0.9147,0.4039,0.8563,0.4541,0.2461,0.7484,-0.4271,-0.5074,0.1485,-0.1812,-0.9722,0.3488,0.2166,-0.9118,-0.9659,0.1812,0.1848,-0.9865,0.0449,0.1573,-0.9086,0.3183,-0.2703,-0.8396,-0.5312,0.1133,-0.828,-0.3983,0.3947,-0.211,0.2116,0.9543,-0.1691,0.1362,0.9761,0.999,0.0265,0.0356,0.0154,-0.0659,0.9977,0.3106,-0.9458,-0.0948,0.7309,-0.5212,0.4407,0.3417,0.5667,0.7497,0.1218,0.6888,0.7146,0.0443,0.7921,0.6087,0.047,0.9037,0.4255,0.9459,0.1826,0.2683,-0.0277,-0.1763,-0.984,0.5018,0.4826,-0.7178,0.8773,-0.0681,-0.4751,-0.2995,0.7035,-0.6445,-0.8864,0.3892,-0.2506,-0.007,0.9247,-0.3807,-0.8646,0.4952,-0.0848,-0.8902,0.4481,0.0823,-0.8841,0.4622,0.0684,-0.3827,0.8039,0.4552,-0.0195,0.3541,-0.935,0.4933,0.8222,-0.2842,0.013,0.6535,-0.7568,-0,0.7363,-0.6767,-0.7205,-0.6929,0.0272,-0.3525,-0.9136,0.2026,-0.0598,-0.0644,0.9961,-0.1246,0.5442,0.8297,-0.0478,0.4715,0.8806,0.7915,-0.5324,0.3001,0.8189,-0.5052,0.2723,0.113,-0.831,0.5447,0.1344,-0.8446,0.5182,0.1025,-0.0524,0.9933,-0.1546,0.727,0.669,-0.1519,0.7239,0.673,0.2535,0.7922,0.5551,0.0171,0.9854,-0.1691,0.9801,0.1899,0.0586,0.9725,0.2326,0.0134,0.9012,0.2977,-0.3149,-0.458,0.8763,-0.1495,-0.448,0.883,0.1399,-0.517,0.7091,-0.4796,-0.8842,0.4025,0.2371,-0.1924,0.3464,-0.9181,-0.538,0.4701,-0.6997,-0.4897,-0.6797,0.5461,-0.1453,-0.0508,0.9881,0.9693,0.1687,-0.1788,0.4787,-0.8579,0.1868,0.8634,-0.4999,0.0683,0.1851,-0.9321,0.3115,0.0541,-0.0622,0.9966,0.1327,-0.9897,-0.0535,-0.0848,-0.9744,0.2081,0.0622,-0.0609,0.9962,0.3011,0.2593,0.9177,-0.3383,0.8175,0.4661,-0.2824,0.708,0.6473,-0.3783,0.5351,0.7554,0.2932,0.5188,0.803,-0.9993,0.0251,0.0293,-0.9852,0.1632,0.0527,-0.1222,0.9922,0.0243,-0.2577,0.8942,-0.3661,-0.1784,-0.9482,0.2627,-0.1719,-0.8699,0.4624,-0.2472,-0.8048,0.5396,-0.3788,-0.7943,0.475,-0.6037,-0.7298,0.3207,0.9679,-0.2194,0.1222,0.5841,-0.7524,0.3044,0.4799,-0.8341,0.2721,0.6716,-0.709,0.2151,0.7207,-0.4839,0.4964,-0.9635,0.232,-0.1334,0.918,-0.2639,0.2959,0.9698,-0.2142,0.1169,0.6503,-0.7559,0.0764,0.0114,0.8035,-0.5952,0.3752,0.7882,-0.4878,-0.5998,-0.7896,0.1297,-0.5312,-0.8431,0.0835,-0.654,-0.655,0.3784,-0.6573,-0.6518,0.3784,0.7487,-0.6444,-0.1556,0.1758,-0.9409,0.2895,-0.0812,-0.9908,-0.108,-0.972,0.2347,-0.0084,-0.3271,-0.9247,0.1949,-0.4408,-0.8225,0.3593,0.9613,0.2013,0.1882,0.4739,-0.6788,0.5609,0.4004,-0.8508,0.3402,0.393,-0.7902,0.4702,0.1048,-0.9672,0.2315,0.5854,-0.6707,0.4555,0.5782,-0.8124,0.0756,0.3453,-0.9359,0.0705,0.0106,0.9993,0.0365,0.0079,0.9996,0.0259],

    "colors": [],

    "uvs": [[]],