{

    "metadata" :
    {
        "formatVersion" : 3.1,
        "sourceFile"    : "right_shoulder_pitch.obj",
        "generatedBy"   : "OBJConverter",
        "vertices"      : 139,
        "faces"         : 274,
        "normals"       : 274,
        "colors"        : 0,
        "uvs"           : 0,
        "materials"     : 1
    },

    "scale" : 1.000000,

    "materials": [	{
	"DbgColor" : 15658734,
	"DbgIndex" : 0,
	"DbgName" : "None",
	"colorDiffuse" : [0.8, 0.8, 0.8],
	"colorSpecular" : [0.8, 0.8, 0.8],
	"illumination" : 2,
	"opacity" : 1.0,
	"specularCoef" : 0.0
	}],

    "vertices": [0.057505,-0.037099,-0.000028,0.067422,-0.032180,-0.000090,0.060302,-0.037426,0.010885,0.070759,-0.031491,0.010006,0.067933,-0.031224,0.021840,0.057144,-0.037229,0.019672,0.064802,-0.026579,0.033597,0.051915,-0.032441,0.032618,0.032649,-0.015868,-0.035147,0.028387,-0.023113,-0.031855,0.018927,-0.017923,-0.035898,-0.000005,-0.033940,0.006212,0.003991,-0.037668,0.014044,-0.000007,-0.020516,0.034380,0.075822,-0.024826,0.000148,-0.000004,0.026781,-0.021645,-0.000005,0.034279,-0.003616,0.003992,0.038499,-0.011807,0.075769,-0.024691,0.020276,0.018726,-0.028518,-0.028172,0.030797,-0.029219,-0.025923,0.019666,-0.033978,-0.021120,0.045040,-0.015966,-0.031468,0.046023,-0.023151,-0.026806,0.033160,0.008061,-0.037555,0.020919,0.010943,-0.038554,0.038002,0.014193,-0.034780,-0.000001,-0.004788,-0.033851,0.003998,-0.007828,-0.039287,0.003996,-0.016919,-0.036371,-0.000000,-0.015385,-0.030437,0.003988,-0.040051,0.001913,0.046401,-0.039496,0.016959,0.066307,-0.028331,-0.009528,0.056510,-0.034015,-0.008460,0.034054,-0.034172,-0.018543,0.032785,0.035950,-0.015515,0.053024,0.035394,-0.007707,0.041478,0.032708,-0.018227,0.003980,0.040048,0.001231,0.077366,-0.024754,0.011812,0.077157,-0.024689,0.006119,0.072138,-0.024726,0.027435,0.022037,-0.037148,-0.014904,0.039452,-0.037422,-0.009507,0.023248,-0.039627,-0.005683,0.059167,-0.037722,0.007666,0.020065,-0.000610,-0.040035,0.039354,-0.000029,-0.037063,0.045724,-0.008343,-0.033839,0.050414,0.022220,-0.025397,0.037940,0.020890,-0.031339,-0.000001,0.011078,-0.032608,0.003998,0.001371,-0.040072,0.003996,-0.039059,-0.009140,-0.000000,-0.032989,-0.008646,0.003996,-0.035128,-0.019369,-0.000004,-0.026781,-0.021645,0.041625,-0.040015,0.006319,0.004004,-0.030978,0.025472,0.042470,-0.032812,0.032618,0.045121,-0.037393,0.024265,0.063984,-0.025090,-0.015618,0.044550,-0.028963,-0.021922,0.046316,-0.033840,-0.014228,0.075789,0.024828,0.000048,0.073418,0.024697,-0.005310,0.067422,0.032180,-0.000090,-0.000078,-0.007047,0.039733,0.004011,0.018750,0.035458,-0.000000,0.017039,0.029520,0.054841,-0.024699,0.040228,0.048874,-0.024712,0.041333,0.003995,0.027414,0.029278,-0.000002,0.026279,0.022000,0.066307,0.028331,-0.009528,0.057993,0.037181,0.001057,0.004009,0.033282,0.022294,0.003992,0.038048,0.012898,0.042691,-0.024821,0.041314,0.050541,-0.038307,0.020890,0.052989,-0.039453,0.009955,0.056722,-0.037955,0.003308,0.050829,-0.039194,0.003153,0.004011,-0.027442,-0.029389,0.053751,0.007167,-0.030512,0.064129,0.024848,-0.015666,0.070161,0.024713,-0.010115,0.046011,0.008135,-0.033764,0.020818,-0.008610,-0.039017,0.003994,0.013102,-0.037987,0.003997,0.022869,-0.032891,0.072865,-0.024671,-0.006361,0.069344,-0.024696,-0.011015,0.058415,0.030907,-0.012365,0.025105,0.032869,-0.022508,0.056526,0.037241,0.020433,0.064800,0.026578,0.033599,0.067933,0.031224,0.021840,0.065916,0.034786,0.009988,0.062776,-0.024606,0.036719,-0.000000,0.032254,0.011087,0.074796,0.024674,0.022544,0.076984,0.024678,0.015635,0.073669,0.028877,0.009963,0.037081,-0.039305,-0.003366,0.053624,-0.007935,-0.030431,0.032991,-0.007998,-0.037596,0.052568,0.014108,-0.028880,0.004011,0.031198,-0.025366,0.052504,-0.017273,-0.027460,0.039004,0.038307,-0.006813,0.053499,0.037674,-0.001200,0.077312,0.024689,0.007219,0.042470,0.032812,0.032618,0.003961,0.006324,0.039710,0.054023,-0.000312,-0.031006,0.048652,0.028469,-0.020498,0.058139,0.038018,0.007012,0.056084,0.024708,0.039882,0.063383,0.024699,0.036213,0.051915,0.032441,0.032618,0.042302,0.024834,0.041275,0.025896,0.039771,-0.003770,0.023258,0.038616,-0.010275,0.041959,0.040014,0.006241,0.072149,0.024709,0.027417,0.019015,0.036340,-0.016812,0.052788,0.039458,0.012499,0.051684,0.039420,0.005615,0.046630,0.037521,0.024075,0.048192,0.039348,0.017557,0.048875,0.024691,0.041346,0.052728,-0.039156,0.014801,0.035928,0.027351,-0.026818,0.019044,0.027988,-0.028664,0.020248,0.020813,-0.034167,0.049594,0.039212,0.002678,0.057554,0.038182,0.013498],

    "morphTargets": [],

    "morphColors": [],