{

    "metadata" :
    {
        "formatVersion" : 3.1,
        "sourceFile"    : "right_lower_arm.obj",
        "generatedBy"   : "OBJConverter",
        "vertices"      : 54,
        "faces"         : 104,
        "normals"       : 104,
        "colors"        : 0,
        "uvs"           : 0,
        "materials"     : 1
    },

    "scale" : 1.000000,

    "materials": [	{
	"DbgColor" : 15658734,
	"DbgIndex" : 0,
	"DbgName" : "None",
	"colorDiffuse" : [0.8, 0.8, 0.8],
	"colorSpecular" : [0.8, 0.8, 0.8],
	"illumination" : 2,
	"opacity" : 1.0,
	"specularCoef" : 0.0
	}],

    "vertices": [-0.009906,0.340462,-0.058924,-0.009752,0.341455,-0.003415,0.002318,0.366972,-0.055081,-0.022506,0.152842,0.002368,-0.002295,0.325327,0.011959,-0.010806,0.321899,0.010563,-0.001411,0.351820,-0.067984,0.002091,0.359544,-0.066343,0.006621,0.374429,-0.021964,-0.010598,0.323257,-0.069680,-0.000006,0.123885,-0.027000,-0.022334,0.128410,-0.033072,0.000000,0.125712,-0.038277,0.022284,0.129261,-0.036214,0.022338,0.136316,-0.047637,0.028299,0.375821,-0.036534,0.022346,0.128890,-0.017852,0.022324,0.152757,0.002189,0.000000,0.144557,0.004273,0.022369,0.140327,-0.002795,0.006547,0.368403,-0.005997,0.011347,0.376480,-0.014188,0.006324,0.329271,0.010545,0.005715,0.156108,0.006460,-0.022471,0.156143,-0.056611,-0.022363,0.137415,-0.005151,0.006423,0.368102,-0.062325,-0.002270,0.350455,0.002240,-0.008097,0.333127,0.009133,-0.016330,0.315387,-0.004727,-0.017475,0.308193,-0.051637,0.022406,0.148593,-0.055419,0.011158,0.327114,0.009141,0.000000,0.132503,-0.004356,-0.022292,0.129267,-0.017786,0.011428,0.376489,-0.054034,0.021672,0.362282,-0.061464,0.016243,0.352106,-0.066829,0.005919,0.320215,-0.070776,0.027042,0.373272,-0.046958,0.025176,0.370317,-0.053214,0.025844,0.370371,-0.015875,0.021001,0.362519,-0.006211,0.027652,0.374924,-0.025270,0.020462,0.373853,-0.015156,0.014834,0.381805,-0.026202,0.000037,0.337955,0.008192,0.002964,0.152138,-0.060267,0.000000,0.125712,-0.015723,0.014576,0.381436,-0.043254,-0.022287,0.135375,-0.046821,-0.000000,0.141697,-0.056690,-0.000000,0.132503,-0.049644,-0.022342,0.146473,-0.054446],

    "morphTargets": [],

    "morphColors": [],

    "normals": [-0.9078,0.4193,-0.005,-0.1469,-0.0377,0.9884,-0.8614,0.4352,-0.2621,-0.8519,0.4449,-0.2763,-0.8923,0.4512,0.0144,-0.8541,0.2999,-0.4248,-0.1546,-0.9752,-0.1581,0.9996,-0.0244,-0.0103,0.9997,-0.0244,-0.0038,0.2178,-0.3626,0.9062,-0.7004,0.6689,0.2492,0.2445,-0.0237,0.9694,-1,-0.0088,-0.0011,-0.1285,-0.1227,0.9841,-0.7616,0.548,-0.3461,-0.8133,0.4296,0.3924,-0.8313,0.5213,0.1929,-0.8163,0.5182,0.2552,-0.9696,0.2448,-0.0017,-0.943,0.2256,0.2446,-0.9995,0.0328,0.0012,-0.9991,0.0388,0.0184,0.9993,-0.0235,-0.0285,0.1725,-0.0238,0.9847,0.1879,-0.2717,0.9439,0.2702,-0.0211,0.9626,-0.1549,-0.5751,0.8033,-1,-0.0025,0.0029,-1,-0.0077,-0.0007,0.1453,-0.5759,0.8045,-0.139,-0.0387,0.9895,-0.6783,0.68,-0.2783,-0.9201,0.2593,0.2935,0.7189,-0.0172,-0.6949,0.4526,-0.0362,-0.891,-0.0793,-0.0721,-0.9942,-0.9741,0.226,-0.0109,0.9931,-0.0161,-0.1158,0.9594,-0.0092,-0.2818,0.9996,-0.0229,0.0158,0.2301,-0.7752,0.5884,0.8857,0.0242,0.4636,0.5265,0.7209,0.4507,-0.61,0.7748,0.1663,0.8103,0.0286,0.5854,0.0289,0.2809,0.9593,-0.2315,-0.4279,0.8737,-0.1511,-0.059,-0.9868,0.2264,-0.9738,-0.0204,-0.1998,-0.824,0.5302,-0.1813,-0.8443,0.5043,-0.9459,0.0499,0.3205,0.4569,0.5644,0.6876,0.1705,0.386,0.9066,-0.739,0.6714,-0.0552,-0.7119,0.6936,-0.1104,0.3799,0.2771,0.8826,-0.0657,0.2964,0.9528,0.2303,-0.0648,-0.971,-0.9999,-0.0137,-0.0103,0.1695,-0.9729,-0.1576,0.2082,-0.5244,-0.8256,0.1725,-0.5992,-0.7818,0.1685,-0.8462,0.5055,0.3736,0.7907,-0.485,-0.9597,0.1756,-0.2192,0.2687,0.5913,-0.7603,0.3167,0.6088,-0.7274,0.1631,-0.3609,-0.9182,0.9231,-0.0077,-0.3846,-0.2127,-0.9755,0.0553,0.1538,-0.9754,0.158,0.9985,-0.0175,0.0525,0.9983,-0.0171,0.0559,0.4152,0.8253,0.3826,0.2585,0.6078,0.7509,0.2548,0.6065,0.7531,0.3838,0.7917,-0.4753,0.1942,0.3745,-0.9067,-0.9997,-0.0173,-0.018,0.189,-0.8359,-0.5154,0.1811,-0.8443,-0.5043,-0.2085,-0.8722,-0.4425,-0.6698,0.7425,-0.0059,0.1816,0.3775,0.9081,-0.2283,0.177,0.9574,0.4728,0.8411,-0.2627,-0.0521,0.0759,-0.9958,0.1547,0.3546,-0.9221,-0.1723,-0.2174,-0.9607,-0.1697,-0.9728,0.1577,0.982,-0.0002,0.1889,0.4653,0.8799,0.0967,-0.136,0.4053,0.904,-0.9447,0.0417,-0.3253,-0.1998,-0.5555,-0.8071,-0.1551,-0.2805,-0.9472,-0.1729,-0.8456,-0.5051,0.2908,0.8406,0.457,0.3894,0.9207,-0.0258,-0.0229,0.4263,0.9043,-0.1761,-0.5988,-0.7813,0.0633,0.1024,-0.9927,0.0613,0.1807,-0.9816],

    "colors": [],

    "uvs": [[]],

    "faces": [34,0,1,2,0,0,0,0,34,3,4,5,0,1,1,1,34,6,0,2,0,2,2,2,34,7,6,2,0,3,3,3,34,1,8,2,0,4,4,4,34,0,6,9,0,5,5,5,34,10,11,12,0,6,6,6,34,13,14,15,0,7,7,7,34,16,13,15,0,8,8,8,34,17,18,19,0,9,9,9,34,20,21,8,0,10,10,10,34,22,23,17,0,11,11,11,34,24,25,3,0,12,12,12,34,18,23,3,0,13,13,13,34,7,2,26,0,14,14,14,34,27,1,28,0,15,15,15,34,20,8,1,0,16,16,16,34,20,1,27,0,17,17,17,34,29,1,0,0,18,18,18,34,29,5,1,0,19,19,19,34,3,30,24,0,20,20,20,34,29,30,3,0,21,21,21,34,31,15,14,0,22,22,22,34,4,23,22,0,23,23,23,34,17,23,18,0,24,24,24,34,17,32,22,0,25,25,25,34,25,33,18,0,26,26,26,34,24,11,34,0,27,27,27,34,25,24,34,0,28,28,28,34,18,33,19,0,29,29,29,34,23,4,3,0,30,30,30,34,26,2,35,0,31,31,31,34,5,28,1,0,32,32,32,34,36,31,37,0,33,33,33,34,37,31,38,0,34,34,34,34,9,38,24,0,35,35,35,34,29,0,30,0,36,36,36,34,15,31,39,0,37,37,37,34,31,40,39,0,38,38,38,34,16,15,19,0,39,39,39,34,33,16,19,0,40,40,40,34,17,41,42,0,41,41,41,34,43,44,41,0,42,42,42,34,45,8,21,0,43,43,43,34,32,17,42,0,44,44,44,34,46,4,22,0,45,45,45,34,25,18,3,0,46,46,46,34,47,24,38,0,47,47,47,34,16,10,13,0,48,48,48,34,25,34,33,0,49,49,49,34,34,48,33,0,50,50,50,34,29,3,5,0,51,51,51,34,44,42,41,0,52,52,52,34,46,42,20,0,53,53,53,34,2,8,49,0,54,54,54,34,49,35,2,0,55,55,55,34,32,42,22,0,56,56,56,34,46,28,4,0,57,57,57,34,38,31,47,0,58,58,58,34,11,24,50,0,59,59,59,34,10,12,13,0,60,60,60,34,14,51,31,0,61,61,61,34,14,52,51,0,62,62,62,34,16,33,48,0,63,63,63,34,39,40,49,0,64,64,64,34,9,30,0,0,65,65,65,34,36,26,35,0,66,66,66,34,35,40,36,0,67,67,67,34,31,51,47,0,68,68,68,34,40,31,36,0,69,69,69,34,10,34,11,0,70,70,70,34,48,10,16,0,71,71,71,34,19,43,17,0,72,72,72,34,15,43,19,0,73,73,73,34,44,43,45,0,74,74,74,34,20,42,21,0,75,75,75,34,44,21,42,0,76,76,76,34,49,40,35,0,77,77,77,34,37,26,36,0,78,78,78,34,50,24,53,0,79,79,79,34,14,13,52,0,80,80,80,34,52,13,12,0,81,81,81,34,50,12,11,0,82,82,82,34,45,49,8,0,83,83,83,34,42,46,22,0,84,84,84,34,4,28,5,0,85,85,85,34,39,49,15,0,86,86,86,34,9,6,38,0,87,87,87,34,7,26,37,0,88,88,88,34,53,24,47,0,89,89,89,34,34,10,48,0,90,90,90,34,43,41,17,0,91,91,91,34,45,43,15,0,92,92,92,34,46,27,28,0,93,93,93,34,24,30,9,0,94,94,94,34,51,50,53,0,95,95,95,34,51,53,47,0,96,96,96,34,52,12,50,0,97,97,97,34,21,44,45,0,98,98,98,34,49,45,15,0,99,99,99,34,27,46,20,0,100,100,100,34,51,52,50,0,101,101,101,34,37,38,6,0,102,102,102,34,6,7,37,0,103,103,103]

}
