{

    "metadata" :
    {
        "formatVersion" : 3.1,
        "sourceFile"    : "neck.obj",
        "generatedBy"   : "OBJConverter",
        "vertices"      : 50,
        "faces"         : 96,
        "normals"       : 96,
        "colors"        : 0,
        "uvs"           : 0,
        "materials"     : 1
    },

    "scale" : 1.000000,

    "materials": [	{
	"DbgColor" : 15658734,
	"DbgIndex" : 0,
	"DbgName" : "None",
	"colorDiffuse" : [0.8, 0.8, 0.8],
	"colorSpecular" : [0.8, 0.8, 0.8],
	"illumination" : 2,
	"opacity" : 1.0,
	"specularCoef" : 0.0
	}],

    "vertices": [0.017212,0.056123,-0.020221,0.022148,0.056130,0.013442,0.028754,0.006907,-0.003963,-0.017431,0.056032,0.019205,-0.017434,0.009913,0.019223,-0.010163,0.051313,0.024865,0.028865,0.001889,-0.003949,0.022255,0.009963,0.013370,0.017061,0.002678,0.014176,0.016903,0.052422,0.020847,0.014653,0.003245,0.017127,-0.010930,0.062681,0.021092,-0.012070,0.063322,0.019154,-0.010462,0.009346,0.021648,0.001842,0.049859,0.027429,0.005569,0.048764,0.026884,0.016215,0.009320,0.017736,-0.009186,0.003263,0.020620,-0.017489,0.002756,-0.015077,-0.012131,-0.000017,0.001754,-0.012415,0.002699,0.018426,0.012069,0.002700,-0.019584,0.017317,0.009904,-0.020194,0.001146,0.063570,-0.024368,-0.004882,0.064523,-0.023475,0.012357,0.063257,-0.019433,-0.017453,0.063277,-0.015071,-0.022373,0.055973,-0.014381,-0.007916,0.058770,0.024388,-0.001025,0.063769,0.023345,0.006465,0.060240,-0.025197,0.001776,-0.000013,0.012144,-0.001699,-0.000010,-0.012155,0.010055,0.051194,-0.025879,0.009086,0.003294,-0.021630,0.005455,0.064456,0.022372,0.016282,0.063022,0.017044,0.017199,0.063311,0.014130,0.012306,-0.000000,-0.001792,0.003046,0.052654,0.027260,-0.022377,0.009927,-0.014389,-0.001626,0.050400,-0.026463,-0.014911,0.003293,-0.018109,-0.017005,0.049744,-0.021856,-0.011297,0.061871,-0.022572,0.005908,0.051691,0.026826,-0.005670,0.049358,-0.025885,-0.004211,0.052735,-0.026089,-0.015183,0.057764,-0.022064,0.013676,0.059826,0.021222],

    "morphTargets": [],

    "morphColors": [],

    "normals": [0.9731,0.1811,-0.1427,-0.6142,0.0004,0.7891,0.7316,-0.4667,0.4968,0.8158,0.001,0.5783,0.6678,-0.4073,0.623,-0.6675,0.4948,0.5564,-0.3327,-0.0697,0.9404,-0.2168,-0.0731,0.9735,0.4866,-0.0706,0.8708,0.5892,-0.0675,0.8052,-0.3363,-0.225,0.9145,-0.695,-0.7115,0.104,0.5848,-0.4811,-0.6531,0.1214,0.9692,-0.2144,-0.8182,0.5624,0.1194,-0.52,0.2795,0.8071,-0.5133,0.208,0.8326,-0.1908,0.893,0.4076,0.8146,0.5675,-0.1196,0.5097,0.4291,-0.7457,0.0621,-0.9013,0.4287,0.0949,-0.1659,0.9816,0.0505,-0.1561,0.9865,0.1049,-0.9809,-0.1635,-0.1175,-0.9805,0.1577,0.4851,0.2556,-0.8362,0.0213,-0.9513,-0.3075,-0.0662,0.9978,0.0091,-0.0865,0.9887,0.1225,-0.085,0.9962,0.0206,0.7154,0.2727,0.6433,0.798,0.5211,0.3027,0.8123,0.5712,-0.1181,0.0848,0.9962,-0.0177,0.0762,0.997,-0.0126,0.0958,-0.9871,-0.1285,-0.1934,0.1206,0.9737,-0.1793,0.1362,0.9743,0.1441,-0.0021,0.9896,-0.2437,0.5083,0.826,0.5861,-0.2286,0.7773,0.1532,-0.9779,0.1424,-0.463,-0.409,0.7863,-0.8085,-0.5759,0.1215,-0.815,-0.567,0.1196,-0.151,-0.982,-0.1137,0.0434,0.0923,-0.9948,0.6198,0.0009,-0.7847,-0.6652,-0.3925,-0.6352,-0.5083,-0.092,-0.8563,-0.3929,0.7901,-0.4705,0.4793,-0.038,0.8768,0.207,0.965,0.1608,0.1289,-0.9491,0.2873,-0.0445,-0.9498,0.3095,0.0558,-0.0893,-0.9944,0.2414,-0.0906,-0.9662,-0.1438,-0.1366,-0.9801,-0.2802,0.1478,-0.9485,-0.7085,0.4239,-0.5642,-0.6163,0.5088,-0.6011,0.3147,0.6699,-0.6725,-0.0162,0.1407,-0.9899,0.1005,0.3631,0.9263,0.1248,-0.9878,0.0934,-0.3363,-0.0908,-0.9374,-0.217,0.1995,-0.9556,-0.0423,0.177,-0.9833,0.7069,0.2752,0.6516,0.4215,0.5739,0.7021,-0.0781,0.3057,0.9489,0.1507,0.0022,0.9886,-0.1418,0.0016,-0.9899,-0.1177,-0.9559,-0.2692,-0.0565,-0.921,-0.3856,-0.7391,0.1509,-0.6565,-0.3118,0.0777,-0.947,0.4636,0.158,0.8719,0.2483,0.3269,0.9118,0.3073,0.3231,0.8951,0.4616,-0.403,-0.7902,-0.1109,0.2091,-0.9716,0.1425,-0.1802,0.9733,0.2394,-0.1576,0.9581,-0.3329,0.0512,-0.9416,-0.1084,-0.1258,-0.9861,-0.9893,0.0001,0.1456,-0.9894,0.0001,0.1455,0.8176,0.0015,-0.5758,0.8187,0.0165,-0.5739,0.9374,0.0217,0.3476,0.9364,0.0016,0.3508,-0.8122,0.0002,-0.5834,-0.7988,0.5884,0.1249,0.0007,-1,0.0001,0.0006,-1,-0.0005],

    "colors": [],

    "uvs": [[]],

    "faces": [34,0,1,2,0,0,0,0,34,3,4,5,0,1,1,1,34,6,7,8,0,2,2,2,34,1,9,7,0,3,3,3,34,10,8,7,0,4,4,4,34,3,11,12,0,5,5,5,34,13,5,4,0,6,6,6,34,14,5,13,0,7,7,7,34,15,16,9,0,8,8,8,34,7,9,16,0,9,9,9,34,13,4,17,0,10,10,10,34,18,19,20,0,11,11,11,34,6,21,22,0,12,12,12,34,23,24,25,0,13,13,13,34,3,26,27,0,14,14,14,34,11,3,28,0,15,15,15,34,3,5,28,0,16,16,16,34,29,12,11,0,17,17,17,34,0,25,1,0,18,18,18,34,0,30,25,0,19,19,19,34,10,17,31,0,20,20,20,34,14,17,15,0,21,21,21,34,13,17,14,0,22,22,22,34,32,21,6,0,23,23,23,34,20,19,31,0,24,24,24,34,33,30,0,0,25,25,25,34,21,32,34,0,26,26,26,34,35,26,12,0,27,27,27,34,35,12,29,0,28,28,28,34,35,24,26,0,29,29,29,34,36,9,1,0,30,30,30,34,36,1,37,0,31,31,31,34,37,1,25,0,32,32,32,34,24,35,37,0,33,33,33,34,25,24,37,0,34,34,34,34,38,32,6,0,35,35,35,34,14,28,5,0,36,36,36,34,14,39,28,0,37,37,37,34,15,39,14,0,38,38,38,34,28,29,11,0,39,39,39,34,16,10,7,0,40,40,40,34,6,8,31,0,41,41,41,34,4,20,17,0,42,42,42,34,20,4,18,0,43,43,43,34,40,18,4,0,44,44,44,34,32,19,18,0,45,45,45,34,41,30,33,0,46,46,46,34,33,0,22,0,47,47,47,34,42,18,40,0,48,48,48,34,43,42,40,0,49,49,49,34,26,24,44,0,50,50,50,34,45,15,9,0,51,51,51,34,36,37,35,0,52,52,52,34,10,31,8,0,53,53,53,34,31,17,20,0,54,54,54,34,33,34,41,0,55,55,55,34,33,22,34,0,56,56,56,34,46,34,42,0,57,57,57,34,47,48,44,0,58,58,58,34,27,26,48,0,59,59,59,34,26,44,48,0,60,60,60,34,23,25,30,0,61,61,61,34,47,30,41,0,62,62,62,34,29,39,35,0,63,63,63,34,38,6,31,0,64,64,64,34,42,43,46,0,65,65,65,34,44,24,47,0,66,66,66,34,47,23,30,0,67,67,67,34,49,9,36,0,68,68,68,34,35,49,36,0,69,69,69,34,29,28,39,0,70,70,70,34,15,45,39,0,71,71,71,34,46,47,41,0,72,72,72,34,42,32,18,0,73,73,73,34,42,34,32,0,74,74,74,34,43,27,48,0,75,75,75,34,47,46,48,0,76,76,76,34,9,49,45,0,77,77,77,34,35,39,45,0,78,78,78,34,45,49,35,0,79,79,79,34,22,21,34,0,80,80,80,34,23,47,24,0,81,81,81,34,15,17,10,0,82,82,82,34,15,10,16,0,83,83,83,34,46,43,48,0,84,84,84,34,46,41,34,0,85,85,85,34,3,27,4,0,86,86,86,34,27,40,4,0,87,87,87,34,2,22,0,0,88,88,88,34,6,22,2,0,89,89,89,34,7,6,2,0,90,90,90,34,2,1,7,0,91,91,91,34,43,40,27,0,92,92,92,34,26,3,12,0,93,93,93,34,19,32,38,0,94,94,94,34,38,31,19,0,95,95,95]

}
