{

    "metadata" :
    {
        "formatVersion" : 3.1,
        "sourceFile"    : "left_upper_arm.obj",
        "generatedBy"   : "OBJConverter",
        "vertices"      : 98,
        "faces"         : 192,
        "normals"       : 192,
        "colors"        : 0,
        "uvs"           : 0,
        "materials"     : 1
    },

    "scale" : 1.000000,

    "materials": [	{
	"DbgColor" : 15658734,
	"DbgIndex" : 0,
	"DbgName" : "None",
	"colorDiffuse" : [0.8, 0.8, 0.8],
	"colorSpecular" : [0.8, 0.8, 0.8],
	"illumination" : 2,
	"opacity" : 1.0,
	"specularCoef" : 0.0
	}],

    "vertices": [0.217207,0.147803,0.030664,0.208386,-0.006782,0.016381,0.211726,-0.005171,0.022291,0.269992,0.145667,0.031052,0.248012,0.148685,0.034435,0.273084,-0.015134,0.022340,0.219673,-0.022066,-0.022294,0.219342,0.155371,-0.055551,0.232994,-0.031053,-0.022334,0.270788,0.156186,-0.055050,0.253527,-0.031635,-0.022377,0.283519,-0.004343,-0.002108,0.280715,-0.014967,0.002712,0.280864,-0.005605,-0.013475,0.277125,-0.018559,-0.012094,0.275373,-0.009940,-0.022155,0.270564,0.152012,0.029518,0.280625,-0.006159,0.014356,0.282965,-0.002006,0.007568,0.258916,0.155154,0.031729,0.206826,-0.010467,-0.010362,0.216770,-0.026044,-0.013646,0.211116,-0.022288,0.000237,0.212533,-0.009750,-0.022126,0.280040,0.164168,-0.022837,0.276305,-0.004891,0.022309,0.279144,0.162494,-0.038115,0.210250,0.157317,-0.043288,0.216190,0.158363,-0.054365,0.262879,-0.033238,-0.012237,0.268434,-0.021885,-0.022321,0.277975,0.158987,-0.042655,0.207827,0.163731,-0.024128,0.204432,-0.001951,-0.002808,0.204880,-0.004599,0.005843,0.208157,0.164560,-0.021502,0.213906,0.154884,0.017383,0.244070,-0.037570,-0.013012,0.274251,0.153413,0.017677,0.209479,0.171341,-0.031147,0.208592,0.161894,-0.036723,0.268630,0.174441,-0.050273,0.271871,0.169578,-0.051607,0.268570,0.164050,-0.054922,0.216684,0.156451,0.026786,0.275721,-0.020614,0.012268,0.275864,-0.023374,0.002840,0.225743,-0.035215,0.001193,0.231251,-0.035656,-0.012020,0.278274,0.171626,-0.021926,0.216062,0.170879,-0.050736,0.219350,0.164176,-0.054877,0.206708,-0.012825,0.004905,0.216086,0.178578,-0.044102,0.216613,0.161263,0.021873,0.267827,-0.025754,0.018542,0.223571,-0.025499,0.022374,0.232741,-0.030714,0.022340,0.240987,-0.032460,0.022372,0.240662,0.155262,0.032903,0.215271,0.181956,-0.016796,0.216323,0.184697,-0.024193,0.219319,0.184951,-0.018250,0.219475,0.184681,-0.036714,0.270683,0.180177,-0.043703,0.268518,0.185149,-0.034856,0.271815,0.183949,-0.033803,0.278335,0.171033,-0.032974,0.219238,0.175645,-0.049500,0.215084,-0.015441,0.022342,0.210256,-0.017167,0.011967,0.225337,0.147311,0.032663,0.225961,0.154180,0.031301,0.263332,-0.026520,0.022341,0.252291,-0.031674,0.022365,0.269902,-0.029757,0.005229,0.261272,-0.032034,0.015741,0.264558,-0.033722,0.004417,0.255523,-0.037927,0.001754,0.225663,0.160643,0.027017,0.248017,0.166016,0.024079,0.270754,0.184382,-0.018385,0.271679,0.184693,-0.024138,0.231006,-0.035779,0.011034,0.238133,-0.037563,0.011903,0.237038,-0.038973,0.002611,0.219239,-0.030848,0.003094,0.236997,0.164025,0.026727,0.248638,-0.035729,0.016593,0.214021,-0.025047,0.006704,0.271164,0.159897,0.023796,0.259452,0.162886,0.026075,0.218134,-0.025615,0.015936,0.255255,-0.036574,0.010486,0.245384,-0.039554,0.001017,0.216162,0.183908,-0.033840,0.225213,-0.031678,0.014790,0.248515,-0.038545,0.007967],

    "morphTargets": [],

    "morphColors": [],

    "normals": [-0.8711,0.0043,0.491,0.1451,-0.0507,0.9881,-0.1264,-0.183,-0.975,0.0123,-0.1725,-0.9849,0.9277,-0.3267,-0.1804,0.944,-0.2894,-0.1587,0.8673,-0.2932,-0.4022,0.9398,0.0271,0.3406,0.1678,0.1262,0.9777,-0.8436,-0.4943,-0.2098,-0.8038,-0.4254,-0.4159,0.9984,0.0268,0.0507,0.9099,0.0182,0.4143,0.8793,0.0092,0.4762,0.2363,0.2082,0.9491,0.9981,0.0132,-0.06,-0.7704,-0.4403,-0.4611,-0.8761,-0.0724,-0.4767,0.4628,-0.7044,-0.5382,0.9741,-0.023,-0.225,0.8592,-0.0747,-0.5062,-0.9978,0.0282,0.0602,-0.9866,0.0445,0.1569,0.2239,-0.9095,-0.3502,0.9531,0.0339,0.3008,0.122,-0.181,-0.9759,0.9724,-0.024,-0.2319,-0.9869,0.1401,-0.0804,0.229,0.3965,-0.889,0.8698,-0.0726,-0.488,0.0095,0.0188,-0.9998,0.8573,0.062,-0.5111,0.9025,0.1958,-0.3837,-0.9599,0.0643,0.2729,-0.9929,0.0375,0.113,0.8445,-0.3456,0.4091,0.8622,-0.4989,-0.0881,-0.5276,-0.8274,-0.1923,-0.1657,-0.8898,-0.4251,0.9601,0.204,0.1914,-0.5489,0.2276,-0.8043,-0.8793,0.1243,-0.4598,0.3238,-0.1752,-0.9298,0.6713,-0.648,-0.3597,-0.9764,-0.2124,-0.0403,-0.9682,-0.2489,-0.0261,-0.9652,0.0359,0.259,-0.3235,-0.1749,-0.9299,-0.9104,0.2704,-0.3132,-0.998,0.0124,-0.0625,-0.0007,0.0764,-0.9971,-0.9428,0.2312,0.24,0.9542,-0.235,0.1851,0.7126,-0.5209,0.47,-0.0248,-0.8329,-0.5528,-0.033,-0.0644,0.9974,-0.0178,-0.0657,0.9977,0.0631,0.2928,0.9541,-0.8969,0.4409,0.0358,-0.0548,0.9984,-0.0151,0.4189,0.8315,-0.3648,0.8981,0.2862,-0.3339,0.8779,0.3457,-0.3315,-0.4871,-0.7198,-0.4946,-0.467,-0.7754,-0.425,-0.4742,-0.1558,-0.8665,-0.9118,0.1911,-0.3635,-0.896,-0.0678,-0.4388,0.0003,0.4245,-0.9054,0.7522,-0.43,-0.4993,-0.947,0.0245,0.3202,-0.808,-0.2616,0.5279,-0.9353,-0.2377,0.262,-0.868,-0.4753,0.1438,-0.9629,-0.0329,-0.2679,-0.9168,-0.3936,-0.0679,-0.0043,0.4084,-0.9128,0.5452,0.1671,-0.8215,-0.0853,0.1347,0.9872,-0.1209,0.2037,0.9715,0.8306,-0.2597,0.4926,0.9002,-0.344,0.2672,0.0728,-0.0623,0.9954,0.033,-0.066,0.9973,0.5825,-0.7489,0.316,0.6784,-0.6677,0.3065,0.7104,-0.688,-0.1485,0.6878,-0.7059,-0.1695,0.4379,-0.8963,-0.0701,-0.0071,-0.1759,-0.9844,0.1689,-0.0501,0.9844,-0.3307,0.6718,0.6628,-0.5243,0.8201,0.2293,0.0112,0.9156,0.402,-0.0251,0.9984,0.0499,0.8686,0.4217,-0.2601,-0.2703,0.4065,-0.8727,-0.9107,0.2713,-0.3115,-0.5663,0.539,-0.6235,-0.2682,-0.8631,0.4279,-0.3035,-0.9481,-0.0949,-0.5804,-0.8014,-0.1444,-0.8306,-0.3377,0.4428,-0.2411,-0.0444,0.9695,-0.9153,-0.2855,0.2842,-0.973,-0.0228,-0.2297,-0.9299,0.3485,0.1175,-0.4277,0.7907,0.438,-0.0564,0.8966,0.4393,-0.2296,0.8448,0.4833,0.9723,-0.2085,0.106,0.0583,-0.8338,0.5489,0.6019,-0.7942,-0.0837,-0.7311,-0.6812,0.0377,-0.0438,-0.8933,0.4474,-0.9446,0.2575,0.2037,-0.332,0.3692,0.868,0.2961,0.5461,0.7837,0.2927,0.5511,0.7814,0.0556,0.6732,0.7373,-0.2338,0.8271,0.5111,0.008,0.752,-0.6591,-0.0069,0.8167,-0.577,0.0102,0.8728,-0.488,0.3597,0.9307,-0.0665,0.9872,0.0454,0.1531,0.1582,0.8726,0.4621,0.869,0.4665,0.1649,-0.7637,-0.5688,0.3053,0.5454,0.5395,-0.6414,0.9878,0.1376,-0.073,0.8564,-0.4918,0.157,0.508,-0.7325,0.4533,0.2805,-0.8615,0.4232,0.2803,-0.8598,0.4267,-0.1577,-0.9747,-0.1586,0.2277,-0.953,-0.1997,0.1674,-0.9739,-0.1534,0.3597,-0.7683,0.5295,-0.9242,0.3226,0.2047,0.9381,0.1538,0.3103,0.8931,0.4494,-0.022,0.8939,0.4479,-0.0191,0.8632,0.4402,0.2472,-0.2167,0.7991,-0.5607,-0.8809,0.4227,-0.2131,-0.2897,0.0734,-0.9543,-0.3208,-0.845,0.4278,-0.8443,-0.511,0.1611,-0.7517,-0.4977,0.4327,-0.7055,-0.702,-0.0974,0.6025,-0.516,0.6088,0.4313,-0.8657,0.2542,0.0276,-0.9504,0.3099,0.1609,-0.9389,0.3042,-0.2655,0.5241,0.8092,0.0553,0.5905,0.8051,0.0532,0.587,0.8078,0.9448,0.2506,0.2112,-0.5172,0.7611,-0.3915,0.9729,0.2313,-0.0071,-0.1725,-0.0515,0.9837,-0.6393,-0.5377,0.5497,-0.422,-0.7455,0.516,0.7521,-0.6293,0.1956,0.2231,-0.9622,0.156,-0.6048,-0.7544,0.2553,-0.1304,0.5341,0.8353,-0.1407,0.5425,0.8282,-0.2865,0.9553,-0.0734,-0.327,-0.9372,0.1212,-0.4739,-0.8566,0.2043,-0.2591,-0.9499,0.1746,-0.2215,0.2091,0.9525,-0.0937,-0.987,-0.1308,-0.642,-0.7278,0.2413,-0.1845,-0.8627,0.4709,-0.5324,-0.709,0.4624,-0.8848,0.4655,-0.0233,-0.5057,-0.8395,0.1987,-0.0743,-0.0585,0.9955,0.1527,-0.9855,0.0743,0.3796,-0.9124,0.153,0.5452,-0.7915,0.2762,0.3033,0.8254,0.4762,-0.0733,-0.0587,0.9956,0.0053,-0.0666,0.9978,-0.038,-0.9863,0.1603,-0.035,-0.9875,0.1539,-0.9674,0.2495,0.0428,-0.009,0.9999,-0.0147,0.0112,0.9989,0.045],

    "colors": [],

    "uvs": [[]],