{

    "metadata" :
    {
        "formatVersion" : 3.1,
        "sourceFile"    : "left_shoulder_pitch.obj",
        "generatedBy"   : "OBJConverter",
        "vertices"      : 156,
        "faces"         : 308,
        "normals"       : 305,
        "colors"        : 0,
        "uvs"           : 0,
        "materials"     : 1
    },

    "scale" : 1.000000,

    "materials": [	{
	"DbgColor" : 15658734,
	"DbgIndex" : 0,
	"DbgName" : "None",
	"colorDiffuse" : [0.8, 0.8, 0.8],
	"colorSpecular" : [0.8, 0.8, 0.8],
	"illumination" : 2,
	"opacity" : 1.0,
	"specularCoef" : 0.0
	}],

    "vertices": [-0.179874,0.000000,-0.039340,-0.179312,-0.008187,-0.038532,-0.192820,-0.008140,-0.035553,-0.152000,-0.034105,0.001468,-0.156011,-0.039513,0.007164,-0.156051,-0.039965,-0.003618,-0.156000,-0.035726,0.018262,-0.151993,-0.020516,0.034380,-0.155986,-0.030013,0.026509,-0.222651,-0.029768,-0.000090,-0.212675,-0.030673,-0.011282,-0.215959,-0.034242,-0.000090,-0.187571,-0.022976,-0.030529,-0.179357,-0.015881,-0.036074,-0.170901,-0.022210,-0.033364,-0.174003,-0.029693,-0.026798,-0.168819,-0.002718,-0.040071,-0.168322,-0.013244,-0.037816,-0.186892,0.027338,-0.027049,-0.176246,0.020732,-0.033972,-0.191800,0.020814,-0.030647,-0.179513,0.014168,-0.036768,-0.193925,0.000000,-0.036082,-0.192820,0.008141,-0.035553,-0.156009,0.003798,-0.039934,-0.155998,0.013119,-0.037851,-0.151998,0.005988,-0.033742,-0.152000,-0.032128,0.011424,-0.206533,-0.035506,-0.006366,-0.173617,-0.037453,-0.014044,-0.185412,-0.034186,-0.018646,-0.172172,-0.034397,-0.020414,-0.223004,-0.024738,-0.009117,-0.201640,-0.023644,-0.024578,-0.203870,-0.016920,-0.028015,-0.194680,-0.028867,-0.022910,-0.216142,0.024851,-0.015657,-0.202666,0.022174,-0.025345,-0.204250,0.014315,-0.029006,-0.224653,0.029889,0.010061,-0.222651,0.029768,-0.000090,-0.228824,0.024686,0.004016,-0.156011,0.018750,0.035458,-0.155961,0.006324,0.039710,-0.152000,-0.005359,0.039639,-0.152000,0.017039,0.029520,-0.152000,-0.032989,-0.008646,-0.151996,0.021645,-0.026781,-0.156007,0.027351,-0.029290,-0.155994,0.034513,-0.020581,-0.170120,0.027398,-0.029331,-0.168475,0.017073,-0.036204,-0.192961,0.014090,-0.033691,-0.191688,0.032697,-0.019019,-0.200296,0.028274,-0.020893,-0.175052,0.032914,-0.022573,-0.155997,0.020565,-0.034378,-0.194607,-0.024827,0.041297,-0.152000,-0.012042,0.038257,-0.190857,-0.037386,-0.009968,-0.199011,-0.033238,-0.014797,-0.209017,-0.037492,0.001425,-0.193595,-0.040016,0.007247,-0.198647,-0.039511,0.016939,-0.224179,0.027748,0.021840,-0.215232,0.034057,0.021840,-0.228807,-0.024686,0.003928,-0.227094,-0.024677,-0.001930,-0.206232,0.037277,-0.002145,-0.190298,0.038385,-0.006894,-0.190778,0.035810,-0.013835,-0.174168,0.038611,-0.010343,-0.173108,0.036234,-0.016943,-0.212675,0.030673,-0.011282,-0.205637,-0.008210,-0.030379,-0.205920,0.001186,-0.031154,-0.224261,0.024671,-0.007246,-0.227133,0.024677,-0.001833,-0.228308,0.024685,0.018208,-0.208501,-0.031247,0.032618,-0.217564,-0.026270,0.033100,-0.215232,-0.034057,0.021840,-0.192672,-0.015987,-0.032991,-0.155996,-0.035128,-0.019369,-0.151996,-0.026781,-0.021645,-0.155998,-0.038660,-0.010498,-0.151996,-0.011076,-0.032604,-0.156007,-0.015934,-0.036771,-0.155984,-0.006719,-0.039528,-0.208986,0.037446,0.001206,-0.215959,0.034242,-0.000090,-0.152000,0.030437,-0.015385,-0.169469,0.009113,-0.039056,-0.197798,-0.032788,0.033071,-0.198440,-0.037361,0.024466,-0.205095,-0.037797,-0.001062,-0.184298,-0.039124,-0.006615,-0.217540,0.026233,0.033173,-0.208501,0.031247,0.032618,-0.216221,-0.024829,-0.015615,-0.183943,0.039705,-0.003168,-0.205122,0.008400,-0.030564,-0.221555,0.024755,-0.010754,-0.226752,0.024678,0.022630,-0.229194,0.024676,0.013586,-0.224179,-0.027748,0.021840,-0.225668,-0.024709,0.024849,-0.227607,-0.024674,0.020472,-0.152000,0.026281,0.022002,-0.155990,0.027379,0.029302,-0.155984,0.038975,-0.009411,-0.151999,0.033851,-0.004789,-0.155982,0.040061,0.000959,-0.216825,0.035338,0.009910,-0.151999,0.033101,0.008786,-0.155996,-0.023301,-0.032586,-0.155997,-0.029460,-0.027146,-0.179324,0.008210,-0.038524,-0.206085,-0.037519,0.021323,-0.224120,0.024707,0.027465,-0.229378,0.024670,0.008812,-0.229084,-0.024671,0.014725,-0.220494,-0.033138,0.009993,-0.223838,-0.024788,0.027768,-0.214720,-0.024579,0.036765,-0.208176,-0.038512,0.005848,-0.212589,-0.037233,0.010096,-0.197706,0.032838,0.032990,-0.202697,0.038246,0.021042,-0.194350,0.024807,0.041296,-0.202421,-0.039476,0.004748,-0.204752,-0.039481,0.010125,-0.189005,-0.039823,0.000599,-0.201834,-0.038827,0.019087,-0.205851,-0.038971,0.014574,-0.210326,-0.037942,0.012966,-0.156013,0.033326,0.022238,-0.203331,0.024710,0.041096,-0.229342,-0.024982,0.009683,-0.155982,0.038026,0.012913,-0.197693,0.037404,0.024317,-0.210513,0.037898,0.007164,-0.200891,-0.024682,0.041347,-0.208949,-0.037624,0.017990,-0.197399,0.039379,0.017304,-0.192627,0.040022,0.007575,-0.210284,0.024686,0.038951,-0.202617,0.038872,0.001758,-0.215353,0.024643,0.036259,-0.205791,0.039241,0.009182,-0.203166,0.039487,0.014352,-0.201789,0.039728,0.006658,-0.206886,-0.024715,0.040205,-0.206126,0.038918,0.005407,-0.209054,0.038308,0.014194,-0.208983,0.037391,0.019136],

    "morphTargets": [],

    "morphColors": [],