{

    "metadata" :
    {
        "formatVersion" : 3.1,
        "sourceFile"    : "left_lower_arm.obj",
        "generatedBy"   : "OBJConverter",
        "vertices"      : 56,
        "faces"         : 108,
        "normals"       : 108,
        "colors"        : 0,
        "uvs"           : 0,
        "materials"     : 1
    },

    "scale" : 1.000000,

    "materials": [	{
	"DbgColor" : 15658734,
	"DbgIndex" : 0,
	"DbgName" : "None",
	"colorDiffuse" : [0.8, 0.8, 0.8],
	"colorSpecular" : [0.8, 0.8, 0.8],
	"illumination" : 2,
	"opacity" : 1.0,
	"specularCoef" : 0.0
	}],

    "vertices": [0.266347,0.128892,-0.017853,0.266607,0.153166,-0.055987,0.266475,0.156880,0.002687,0.237855,0.156405,0.006477,0.244000,0.144557,0.004273,0.246784,0.328573,0.011740,0.237831,0.328475,0.010844,0.231485,0.378339,-0.050765,0.229218,0.381630,-0.042206,0.237125,0.374957,-0.022167,0.243717,0.356092,-0.067377,0.242780,0.364987,-0.056139,0.254691,0.337868,-0.059429,0.261650,0.306640,-0.050503,0.234753,0.373295,-0.057884,0.239232,0.365091,-0.064100,0.216058,0.375327,-0.027570,0.221608,0.152256,0.002087,0.217896,0.370874,-0.016454,0.221654,0.128890,-0.036148,0.244000,0.125712,-0.038277,0.244000,0.123875,-0.027000,0.266292,0.129267,-0.036214,0.244000,0.125712,-0.015723,0.221716,0.129261,-0.017786,0.215773,0.375777,-0.037007,0.266278,0.142298,-0.001117,0.244000,0.132503,-0.004356,0.221631,0.140326,-0.051206,0.221922,0.153452,-0.056621,0.244000,0.141697,-0.056690,0.244000,0.132503,-0.049644,0.228644,0.382350,-0.029815,0.260305,0.315548,-0.004664,0.246648,0.152149,-0.060274,0.242448,0.322618,-0.070906,0.221664,0.138319,-0.004158,0.254405,0.324720,-0.069676,0.232832,0.326602,0.009218,0.223209,0.361848,-0.005810,0.223168,0.377202,-0.047459,0.230647,0.379571,-0.019614,0.237707,0.367766,-0.005551,0.245333,0.352699,0.001370,0.253975,0.340803,-0.003239,0.233844,0.374712,-0.012086,0.223196,0.374486,-0.015856,0.226424,0.371321,-0.057285,0.216925,0.372885,-0.047287,0.266416,0.138722,-0.050149,0.225198,0.356563,-0.065101,0.234771,0.353007,-0.068048,0.233632,0.321642,-0.069471,0.254902,0.321520,0.010506,0.219933,0.366846,-0.056916,0.252331,0.331963,0.009558],

    "morphTargets": [],

    "morphColors": [],

    "normals": [1,-0.0065,0.0027,0.1323,-0.1145,0.9846,-0.0993,-0.0253,0.9947,0.7348,0.6752,-0.0651,0.8734,0.4146,-0.2553,0.9995,0.0323,0.0002,0.7477,0.6604,-0.0694,0.7266,0.6721,-0.1426,0.7154,0.6259,-0.3106,-0.9868,-0.003,0.162,-0.1538,-0.9752,-0.1589,0.227,-0.9737,-0.0206,0.1539,-0.9752,0.1589,-0.9997,-0.0238,0.0038,0.2443,-0.7563,0.6069,-0.1811,-0.8443,0.5043,-0.1998,-0.3699,-0.9073,-0.1554,-0.6009,-0.7841,0.6635,0.7481,-0.0127,0.999,0.0399,0.0216,0.7849,0.516,-0.343,-0.1492,-0.0652,-0.9867,0.9997,-0.0184,0.0189,-0.1857,-0.2719,0.9442,-0.1429,-0.5761,0.8048,0.2126,-0.0627,-0.9751,-0.9994,-0.0208,0.0291,0.1813,-0.8443,-0.5043,-0.1685,-0.8462,-0.5055,0.1686,-0.8462,0.5055,-0.9997,-0.0232,0.0116,-0.2074,-0.8151,0.541,-0.1548,-0.2852,-0.9459,-0.3025,-0.0195,0.9529,-0.2549,-0.0246,0.9667,-0.8104,0.0282,0.5851,-0.4561,0.8661,-0.2046,0.6025,0.7921,0.0974,-0.0609,0.3911,0.9183,-0.8861,0.0242,0.4629,0.8279,0.522,0.205,0.893,0.4498,0.0166,0.9151,0.4031,-0.0094,0.2037,-0.2497,0.9467,-0.2241,-0.3993,0.889,0.622,0.7512,0.2207,0.1125,-0.0591,-0.9919,-0.9996,-0.0239,-0.0166,-0.23,-0.7752,-0.5884,0.1364,-0.5767,0.8055,-0.2588,0.6009,0.7563,-0.4808,0.6729,-0.5621,-0.2269,-0.9737,0.0204,-0.1695,-0.9727,0.1585,0.1492,-0.6015,-0.7848,0.2123,-0.8095,-0.5474,0.215,-0.3684,-0.9044,-0.9949,-0.0188,-0.0989,-0.9942,-0.0181,-0.1062,0.2133,-0.3649,-0.9063,-0.4218,0.8504,0.3144,-0.4186,0.8513,0.3162,-0.2855,0.5677,0.7722,0.9767,0.214,-0.0129,0.97,0.2431,-0.0003,-0.1512,0.357,-0.9218,-0.5435,-0.0263,-0.839,0.8432,0.319,-0.4328,0.9634,0.1515,-0.2212,0.947,0.0515,0.317,0.1318,-0.0371,0.9906,-0.4888,0.6621,-0.568,-0.3274,0.759,-0.5628,-0.2251,0.4705,-0.8532,-0.9561,-0.0093,-0.2929,-0.0962,0.3831,0.9187,0.1698,-0.9727,-0.1585,-0.4214,0.904,-0.0721,-0.4559,0.5536,0.697,0.7257,0.6403,0.2518,0.8371,0.5121,0.1924,0.9428,0.2223,0.2483,0.1148,0.3981,0.9101,-0.9992,-0.0201,0.0358,-0.5508,0.7853,-0.2826,-0.3629,0.4595,-0.8107,-0.4788,0.8761,0.0562,-0.166,0.0507,-0.9848,-0.0408,0.3239,-0.9452,0.9999,-0.016,-0.0034,-0.1846,0.5275,-0.8293,-0.8459,-0.0086,-0.5333,0.2785,0.1546,0.9479,-0.3877,0.2699,0.8814,-0.2268,0.7715,0.5944,0.9217,0.2536,0.2936,-0.2756,0.0535,-0.9598,-0.1534,-0.0647,-0.986,0.039,0.1033,-0.9939,0.0842,0.1013,-0.9913,0.947,0.042,-0.3183,0.9999,-0.0132,0,-0.1709,0.379,0.9095,-0.5486,0.7409,0.3875,0.8079,0.4312,0.4017,0.1171,-0.0389,0.9924,-0.2217,0.7448,-0.6294,-0.281,0.8685,-0.4084],

    "colors": [],

    "uvs": [[]],

    "faces": [34,0,1,2,0,0,0,0,34,2,3,4,0,1,1,1,34,5,6,3,0,2,2,2,34,7,8,9,0,3,3,3,34,10,11,12,0,4,4,4,34,1,13,2,0,5,5,5,34,11,7,9,0,6,6,6,34,11,14,7,0,7,7,7,34,15,14,11,0,8,8,8,34,16,17,18,0,9,9,9,34,19,20,21,0,10,10,10,34,0,21,22,0,11,11,11,34,0,23,21,0,12,12,12,34,19,24,25,0,13,13,13,34,0,26,27,0,14,14,14,34,23,27,24,0,15,15,15,34,28,29,30,0,16,16,16,34,28,30,31,0,17,17,17,34,8,32,9,0,18,18,18,34,33,2,13,0,19,19,19,34,11,10,15,0,20,20,20,34,34,29,35,0,21,21,21,34,26,0,2,0,22,22,22,34,17,4,3,0,23,23,23,34,36,27,4,0,24,24,24,34,34,37,1,0,25,25,25,34,36,16,25,0,26,26,26,34,20,31,22,0,27,27,27,34,19,31,20,0,28,28,28,34,27,23,0,0,29,29,29,34,24,36,25,0,30,30,30,34,36,24,27,0,31,31,31,34,30,29,34,0,32,32,32,34,6,38,17,0,33,33,33,34,6,17,3,0,34,34,34,34,17,38,39,0,35,35,35,34,8,40,25,0,36,36,36,34,32,41,9,0,37,37,37,34,42,5,43,0,38,38,38,34,18,17,39,0,39,39,39,34,44,9,43,0,40,40,40,34,11,9,44,0,41,41,41,34,44,12,11,0,42,42,42,34,2,4,26,0,43,43,43,34,4,17,36,0,44,44,44,34,41,45,9,0,45,45,45,34,35,37,34,0,46,46,46,34,25,28,19,0,47,47,47,34,31,19,28,0,48,48,48,34,27,26,4,0,49,49,49,34,46,39,42,0,50,50,50,34,40,47,48,0,51,51,51,34,19,21,24,0,52,52,52,34,24,21,23,0,53,53,53,34,30,49,31,0,54,54,54,34,22,31,49,0,55,55,55,34,1,49,30,0,56,56,56,34,29,28,25,0,57,57,57,34,29,25,48,0,58,58,58,34,34,1,30,0,59,59,59,34,32,46,41,0,60,60,60,34,32,16,46,0,61,61,61,34,46,42,45,0,62,62,62,34,33,13,12,0,63,63,63,34,44,33,12,0,64,64,64,34,50,15,51,0,65,65,65,34,29,50,52,0,66,66,66,34,37,10,12,0,67,67,67,34,12,13,37,0,68,68,68,34,33,53,2,0,69,69,69,34,5,3,2,0,70,70,70,34,54,48,47,0,71,71,71,34,40,7,47,0,72,72,72,34,50,47,15,0,73,73,73,34,29,48,54,0,74,74,74,34,6,5,42,0,75,75,75,34,20,22,21,0,76,76,76,34,8,25,32,0,77,77,77,34,39,46,18,0,78,78,78,34,45,42,9,0,79,79,79,34,42,43,9,0,80,80,80,34,44,53,33,0,81,81,81,34,55,43,5,0,82,82,82,34,16,36,17,0,83,83,83,34,48,25,40,0,84,84,84,34,47,50,54,0,85,85,85,34,16,32,25,0,86,86,86,34,51,35,52,0,87,87,87,34,51,15,10,0,88,88,88,34,22,1,0,0,89,89,89,34,14,15,47,0,90,90,90,34,50,29,54,0,91,91,91,34,55,5,53,0,92,92,92,34,38,6,39,0,93,93,93,34,46,45,41,0,94,94,94,34,55,53,44,0,95,95,95,34,52,50,51,0,96,96,96,34,52,35,29,0,97,97,97,34,10,35,51,0,98,98,98,34,35,10,37,0,99,99,99,34,37,13,1,0,100,100,100,34,22,49,1,0,101,101,101,34,42,39,6,0,102,102,102,34,18,46,16,0,103,103,103,34,55,44,43,0,104,104,104,34,5,2,53,0,105,105,105,34,14,47,7,0,106,106,106,34,7,40,8,0,107,107,107]

}
